ObjectID,GlobalID,Date_HU,Time_HU,SiteID_HU,Crew_HU,Habitat Unit Type,Habitat Unit Start Position,Habitat Unit End Position,Habitat Unit Length (m),Secondary Channel Present?,Velocity,Depth Max (nearest 0.01m),Width Wetted Avg (nearest 0.1m),Pool Forming Feature,Large Woody Debris,Dominant Substrate,Subdominant Substrate,Canopy Cover,Instream Cover,HU Comment (free text),ParentGlobalID,CreationDate,Creator,EditDate,Editor
7,e600a01c-5043-4f8e-b05d-3d09a1cc0488,4/30/2021 16:00,10:16,POB001,"EmmaT, Declan D",glide,0,15.5,15.5,none,slow,0.3,4.4,,2,siltClay,cobble,10,"largeSubstrate,aquaticVeg,largeWoodyDebris,terrestrialVeg,undercutBanks",,2d9b22fc-4631-49b5-98ce-4fa71a27918f,4/30/2021 17:20,,4/30/2021 17:20,
8,8cc48ca5-7594-492e-9590-841f841efe5c,4/30/2021 16:00,10:23,POB001,"EmmaT, Declan D",riffle,15.5,29,13.5,none,swift,0.2,6.4,,5,cobble,sand,10,"undercutBanks,largeWoodyDebris,aquaticVeg,terrestrialVeg",Some gravel,2d9b22fc-4631-49b5-98ce-4fa71a27918f,4/30/2021 17:20,,4/30/2021 17:20,
9,befaa1c4-cc84-4a86-a47f-2cea4f1a5bad,4/30/2021 16:00,10:33,POB001,"EmmaT, Declan D",glide,29,45.7,16.7,none,swift,0.2,9.4,,4,siltClay,gravel,0,"undercutBanks,aquaticVeg,largeWoodyDebris",Narrow gravel channel with flooded silt ,2d9b22fc-4631-49b5-98ce-4fa71a27918f,4/30/2021 17:20,,4/30/2021 17:20,
10,b8ef3c78-3536-4f76-a5cc-f1da5c3ccf49,4/30/2021 16:00,10:39,POB001,"EmmaT, Declan D",glide,48,75,27,none,slow,0.18,5.3,,5,siltClay,siltClay,20,"largeWoodyDebris,undercutBanks,aquaticVeg",,2d9b22fc-4631-49b5-98ce-4fa71a27918f,4/30/2021 17:20,,4/30/2021 17:20,
11,d9423c84-ed6b-42ed-ba79-06e637674993,4/30/2021 16:00,10:44,POB001,"EmmaT, Declan D",riffle,74,78.5,4.5,none,swift,0.17,5.1,,3,cobble,siltClay,20,"undercutBanks,terrestrialVeg,aquaticVeg,largeWoodyDebris",,2d9b22fc-4631-49b5-98ce-4fa71a27918f,4/30/2021 17:20,,4/30/2021 17:20,
12,86db87e6-0dc3-4cd3-a1ed-b517fa4df8e9,4/30/2021 16:00,10:49,POB001,"EmmaT, Declan D",glide,78,100,22,fast,slow,0.13,4.1,,6,sand,cobble,20,"largeWoodyDebris,terrestrialVeg,aquaticVeg,undercutBanks",,2d9b22fc-4631-49b5-98ce-4fa71a27918f,4/30/2021 17:20,,4/30/2021 17:20,
28,dd0d0d41-ef7f-4d0e-8b2e-9064aa7c3908,5/1/2021 16:00,11:00,MLB005,Ronda and Mike Yeomans,run,,25,,none,swift,0.37,3.5,,1,cobble,gravel,30,"aquaticVeg,terrestrialVeg",,a6e6211f-2aea-452c-b9ce-822055a5306f,5/1/2021 15:47,,5/1/2021 15:47,
29,3dc71f46-914e-466d-9735-eaccca3b3015,5/1/2021 16:00,11:04,MLB005,Ronda and Mike Yeomans,riffle,,65,,none,swift,0.28,3,,2,cobble,boulder,30,"largeSubstrate,terrestrialVeg,aquaticVeg",,a6e6211f-2aea-452c-b9ce-822055a5306f,5/1/2021 15:47,,5/1/2021 15:47,
30,4cbf91de-5e7b-469c-b449-cf1ba6379357,5/1/2021 16:00,11:09,MLB005,Ronda and Mike Yeomans,run,,71,,none,swift,0.35,3,,0,cobble,boulder,30,"largeSubstrate,aquaticVeg",,a6e6211f-2aea-452c-b9ce-822055a5306f,5/1/2021 15:47,,5/1/2021 15:47,
31,24cf248f-f3e6-45a0-932c-5ae45d708c3c,5/1/2021 16:00,11:11,MLB005,Ronda and Mike Yeomans,riffle,,86,,none,swift,0.18,4,,0,cobble,boulder,30,"largeSubstrate,aquaticVeg,terrestrialVeg",,a6e6211f-2aea-452c-b9ce-822055a5306f,5/1/2021 15:47,,5/1/2021 15:47,
32,0bfe3585-12ed-4ae7-b46b-c2b3a25bb909,5/1/2021 16:00,11:14,MLB005,Ronda and Mike Yeomans,pool,,93,,none,swift,0.4,4.3,boulder,1,cobble,boulder,40,"aquaticVeg,terrestrialVeg",,a6e6211f-2aea-452c-b9ce-822055a5306f,5/1/2021 15:47,,5/1/2021 15:47,
33,0e5aa433-620f-4826-bd21-e0aefa778b9f,5/1/2021 16:00,11:18,MLB005,Ronda and Mike Yeomans,riffle,,100,,none,swift,20,3.5,,0,cobble,boulder,50,"aquaticVeg,terrestrialVeg",,a6e6211f-2aea-452c-b9ce-822055a5306f,5/1/2021 15:47,,5/1/2021 15:47,
45,334ca5b5-8053-4743-b941-d3d7afdc5682,5/1/2021 16:00,13:49,MLB001,Mike and Ronda Yeomans,run,,24,,none,swift,0.2,1.5,,0,gravel,cobble,10,"aquaticVeg,terrestrialVeg",,5429965d-c2ce-4e12-a3a3-d6096f6d44d7,5/1/2021 19:57,,5/1/2021 19:57,
46,bc19cebd-d1dc-493b-85e6-8b2726e4475b,5/1/2021 16:00,13:51,MLB001,Mike and Ronda Yeomans,pool,,33,,none,slow,0.4,3,meander,0,gravel,cobble,10,"aquaticVeg,terrestrialVeg,largeSubstrate",,5429965d-c2ce-4e12-a3a3-d6096f6d44d7,5/1/2021 19:57,,5/1/2021 19:57,
47,52cb7020-e95e-4905-b230-0d5fcbd951af,5/1/2021 16:00,13:54,MLB001,Mike and Ronda Yeomans,run,,57,,none,swift,0.27,1.5,,0,gravel,cobble,10,"aquaticVeg,terrestrialVeg",,5429965d-c2ce-4e12-a3a3-d6096f6d44d7,5/1/2021 19:57,,5/1/2021 19:57,
48,1817f0f6-6777-4640-8df8-f5d94e75738b,5/1/2021 16:00,13:57,MLB001,Mike and Ronda Yeomans,glide,,66,,none,slow,32,2.5,,0,sand,gravel,20,"aquaticVeg,terrestrialVeg",,5429965d-c2ce-4e12-a3a3-d6096f6d44d7,5/1/2021 19:57,,5/1/2021 19:57,
49,4a5467b8-408e-42f6-bbfd-3fedc4ec7b73,5/1/2021 16:00,14:00,MLB001,Mike and Ronda Yeomans,run,,100,,none,swift,0.3,3,,4,sand,gravel,30,"undercutBanks,largeWoodyDebris,aquaticVeg,terrestrialVeg",,5429965d-c2ce-4e12-a3a3-d6096f6d44d7,5/1/2021 19:57,,5/1/2021 19:57,
50,1df4563a-6431-4db8-b479-e6b6f6c4522e,5/3/2021 16:00,10:25,THB006,Charlie and Dean,run,,4.5,,none,swift,0.35,6,,0,cobble,gravel,10,"undercutBanks,aquaticVeg,terrestrialVeg",,02fb45b9-df7c-407c-b72c-8b8600006e9b,5/3/2021 16:35,,5/3/2021 16:35,
51,02821180-cf27-42be-8e2c-e55ed417462a,5/3/2021 16:00,10:29,THB006,Charlie and Dean,pool,,14,,none,slow,1.05,6,boulder,0,cobble,gravel,0,"undercutBanks,terrestrialVeg,whitewater",Deep and slippery!,02fb45b9-df7c-407c-b72c-8b8600006e9b,5/3/2021 16:35,,5/3/2021 16:35,
52,dc0e87ee-2d5a-4cb9-bc61-71955a5a23dd,5/3/2021 16:00,10:55,THB006,Charlie and Dean,cascade,,18.5,,none,swift,0.4,3,,0,cobble,gravel,10,"undercutBanks,terrestrialVeg",,02fb45b9-df7c-407c-b72c-8b8600006e9b,5/3/2021 16:35,,5/3/2021 16:35,
53,04024d74-b48d-47dc-a963-a5b6483c656f,5/3/2021 16:00,11:01,THB006,Charlie and Dean,pool,,25,,none,slow,0.45,4,boulder,0,gravel,siltClay,10,terrestrialVeg,,02fb45b9-df7c-407c-b72c-8b8600006e9b,5/3/2021 16:35,,5/3/2021 16:35,
54,fbb685c8-79d6-49dc-b0a6-a8782a29e296,5/3/2021 16:00,11:06,THB006,Charlie and Dean,riffle,,52.5,,slow,swift,0.2,8.5,,3,gravel,sand,20,"undercutBanks,largeWoodyDebris,aquaticVeg,terrestrialVeg",,02fb45b9-df7c-407c-b72c-8b8600006e9b,5/3/2021 16:35,,5/3/2021 16:35,
55,d1325fa2-23b3-447a-b3c0-5145bf906a0c,5/3/2021 16:00,11:12,THB006,Charlie and Dean,pool,,56.5,,slow,swift,0.43,8,,0,cobble,siltClay,10,terrestrialVeg,,02fb45b9-df7c-407c-b72c-8b8600006e9b,5/3/2021 16:35,,5/3/2021 16:35,
56,13b741c1-9919-491e-ae04-f1904d12bf54,5/3/2021 16:00,11:16,THB006,Charlie and Dean,run,,73,,none,swift,0.36,6,,0,cobble,gravel,10,"terrestrialVeg,undercutBanks",,02fb45b9-df7c-407c-b72c-8b8600006e9b,5/3/2021 16:35,,5/3/2021 16:35,
57,e1207c66-7029-40eb-a2d3-71ac8c6a0ac8,5/3/2021 16:00,11:20,THB006,Charlie and Dean,pool,,76.5,,none,swift,0.6,3.5,boulder,0,cobble,gravel,10,largeSubstrate,,02fb45b9-df7c-407c-b72c-8b8600006e9b,5/3/2021 16:35,,5/3/2021 16:35,
58,e77e34b1-8e41-4d0a-b3e1-f14abfeda632,5/3/2021 16:00,11:24,THB006,Charlie and Dean,run,,100,,fast,swift,0.3,5,,1,cobble,gravel,10,"undercutBanks,terrestrialVeg,whitewater",,02fb45b9-df7c-407c-b72c-8b8600006e9b,5/3/2021 16:35,,5/3/2021 16:35,
59,ee9d0d3c-07a3-4c13-8c0a-eef3ed7dd1d9,5/3/2021 16:00,12:12,THB 005,Dean Charley,pool,,100,,none,swift,0.75,3.6,,1,sand,cobble,30,"undercutBanks,aquaticVeg,largeWoodyDebris,terrestrialVeg",,b0ee4f9d-3204-49e1-82f6-7feaaba3fda8,5/3/2021 17:22,,5/3/2021 17:22,
60,0c4aa54c-2d60-4528-86ea-8731256d42b4,5/3/2021 16:00,12:46,THB 005,Dean Charley,run,,95,,fast,swift,0.65,4.3,,2,gravel,sand,0,"undercutBanks,largeWoodyDebris,aquaticVeg,terrestrialVeg",,b0ee4f9d-3204-49e1-82f6-7feaaba3fda8,5/3/2021 17:22,,5/3/2021 17:22,
61,11701269-0b0d-4e54-bb1b-ee402aa68ed8,5/3/2021 16:00,12:54,THB 005,Dean Charley,pool,,90,,none,swift,0.73,2.5,large woody debris,2,sand,gravel,0,"undercutBanks,largeWoodyDebris,aquaticVeg,terrestrialVeg",,b0ee4f9d-3204-49e1-82f6-7feaaba3fda8,5/3/2021 17:22,,5/3/2021 17:22,
62,4cc44998-2cb1-4c9d-a36a-3584511854ae,5/3/2021 16:00,12:57,THB 005,Dean Charley,run,,86,,none,swift,0.55,3,,3,cobble,gravel,50,"undercutBanks,largeSubstrate,largeWoodyDebris,aquaticVeg,terrestrialVeg",,b0ee4f9d-3204-49e1-82f6-7feaaba3fda8,5/3/2021 17:22,,5/3/2021 17:22,
63,205d0ac4-0476-443c-8626-589e0ccf69ab,5/3/2021 16:00,13:10,THB 005,Dean Charley,pool,,27,,none,slow,0.5,4,artificial,0,sand,gravel,40,"undercutBanks,aquaticVeg,terrestrialVeg",,b0ee4f9d-3204-49e1-82f6-7feaaba3fda8,5/3/2021 17:22,,5/3/2021 17:22,
64,1e31164a-77c5-4f5f-b48a-37615c92d359,5/3/2021 16:00,13:13,THB 005,Dean Charley,run,,23.5,,fast,swift,0.3,5.5,,0,sand,gravel,90,other,under culvert,b0ee4f9d-3204-49e1-82f6-7feaaba3fda8,5/3/2021 17:22,,5/3/2021 17:22,
87,d3636c02-e8be-45d7-971b-56a97f2b629d,5/21/2021 16:00,9:55,GEB003,Dean,riffle,,9,,none,swift,0.13,5.1,,1,cobble,gravel,80,"largeWoodyDebris,undercutBanks",,02f88a55-7e31-4cd6-841f-44286c3a1180,5/21/2021 14:39,,5/21/2021 14:39,
88,750c4054-185a-4f31-b6ed-2cc0f1fc2c09,5/21/2021 16:00,9:59,GEB003,Dean,run,,33,,none,swift,0.3,2.5,,0,cobble,gravel,80,"largeSubstrate,undercutBanks,terrestrialVeg",,02f88a55-7e31-4cd6-841f-44286c3a1180,5/21/2021 14:39,,5/21/2021 14:39,
89,9dc2ef25-9794-47e4-a1a8-eb4ebae4b9f0,5/21/2021 16:00,10:05,GEB003,Dean,riffle,,43.5,,none,swift,0.24,2.5,,0,cobble,gravel,80,"largeSubstrate,terrestrialVeg",,02f88a55-7e31-4cd6-841f-44286c3a1180,5/21/2021 14:39,,5/21/2021 14:39,
90,a9941f27-6b18-4489-9be4-a17a62e2b43c,5/21/2021 16:00,10:09,GEB003,Dean,pool,,49,,none,slow,0.33,3,boulder,0,cobble,gravel,80,terrestrialVeg,,02f88a55-7e31-4cd6-841f-44286c3a1180,5/21/2021 14:39,,5/21/2021 14:39,
91,5ad79c71-b1c3-47b2-b8d8-534854b036c2,5/21/2021 16:00,10:12,GEB003,Dean,pool,,53.5,,none,slow,0.36,2.5,boulder,0,cobble,gravel,90,terrestrialVeg,,02f88a55-7e31-4cd6-841f-44286c3a1180,5/21/2021 14:39,,5/21/2021 14:39,
92,e69771f0-4a64-44f8-a58a-761fb52c6781,5/21/2021 16:00,10:15,GEB003,Dean,cascade,,62,,none,swift,0.2,2.5,,0,cobble,gravel,60,terrestrialVeg,,02f88a55-7e31-4cd6-841f-44286c3a1180,5/21/2021 14:39,,5/21/2021 14:39,
93,7c99620c-a793-4118-b5ab-9943ef7f0c49,5/21/2021 16:00,10:17,GEB003,Dean,run,,93,,none,slow,0.43,3.2,,2,gravel,sand,80,"terrestrialVeg,largeWoodyDebris",,02f88a55-7e31-4cd6-841f-44286c3a1180,5/21/2021 14:39,,5/21/2021 14:39,
94,c2e62724-5a77-45a7-93bf-c627de6fbd19,5/21/2021 16:00,10:35,GEB003,Dean,pool,,100,,none,swift,0.3,3,large woody debris,4,siltClay,sand,90,"undercutBanks,terrestrialVeg",,02f88a55-7e31-4cd6-841f-44286c3a1180,5/21/2021 14:39,,5/21/2021 14:39,
95,916cddff-93d3-4130-a52e-9922a39dad1e,5/21/2021 16:00,11:07,THB006,"Dean, will ",run,,4.5,,none,swift,3.1,4.5,,0,,,80,terrestrialVeg,,cc779bf9-8e21-41e0-a55d-af0097130705,5/21/2021 15:48,,5/21/2021 15:48,
96,1e6bd01b-88d5-4c08-b31c-cbdcb5a0bcd6,5/21/2021 16:00,11:10,THB006,"Dean, will ",pool,,14,,none,swift,1,3.6,boulder,0,,,0,terrestrialVeg,,cc779bf9-8e21-41e0-a55d-af0097130705,5/21/2021 15:48,,5/21/2021 15:48,
97,ba6a3358-a7bc-4138-b4ff-2ebce6cc49ae,5/21/2021 16:00,11:19,THB006,"Dean, will ",cascade,,18.5,,none,swift,0.33,2.5,,0,,,30,terrestrialVeg,,cc779bf9-8e21-41e0-a55d-af0097130705,5/21/2021 15:48,,5/21/2021 15:48,
98,eb67c7d2-d188-4494-8af8-612c541ec071,5/21/2021 16:00,11:27,THB006,"Dean, will ",pool,,25,,none,swift,0.42,3.4,boulder,0,,,50,terrestrialVeg,,cc779bf9-8e21-41e0-a55d-af0097130705,5/21/2021 15:48,,5/21/2021 15:48,
99,12e14976-8d89-4aae-9dc0-8a77ecc26dfe,5/21/2021 16:00,11:29,THB006,"Dean, will ",riffle,,52.5,,fast,swift,2.7,4.5,,0,,,50,"terrestrialVeg,aquaticVeg",,cc779bf9-8e21-41e0-a55d-af0097130705,5/21/2021 15:48,,5/21/2021 15:48,
100,e009a756-7af2-4d90-9235-a98e9e545916,5/21/2021 16:00,11:31,THB006,"Dean, will ",pool,,56.5,,none,swift,0.48,4,boulder,,,,70,terrestrialVeg,,cc779bf9-8e21-41e0-a55d-af0097130705,5/21/2021 15:48,,5/21/2021 15:48,
101,4c1ec13a-f08f-4e19-85a0-d0b76550840a,5/21/2021 16:00,11:33,THB006,"Dean, will ",run,,73,,none,swift,0.32,4.5,,0,,,70,terrestrialVeg,,cc779bf9-8e21-41e0-a55d-af0097130705,5/21/2021 15:48,,5/21/2021 15:48,
102,0db10e3f-9c4f-4900-b4c6-06c00a0b0d1c,5/21/2021 16:00,11:35,THB006,"Dean, will ",pool,,76.5,,none,swift,0.58,3,boulder,0,,,50,terrestrialVeg,,cc779bf9-8e21-41e0-a55d-af0097130705,5/21/2021 15:48,,5/21/2021 15:48,
103,d6fd5f59-e3f6-4c5c-9244-29720e7248cf,5/21/2021 16:00,11:44,THB006,"Dean, will ",run,,100,,fast,swift,0.3,4,,0,,,80,terrestrialVeg,,cc779bf9-8e21-41e0-a55d-af0097130705,5/21/2021 15:48,,5/21/2021 15:48,
104,a23193b7-1363-4656-9019-7e4a0838f897,4/30/2021 16:00,11:26,PTB005,Dean and Annie,run,,20,,none,swift,0.88,6.2,,0,siltClay,siltClay,10,terrestrialVeg,,10a0f166-e9b3-4035-80ce-7b72d5603c5a,5/21/2021 16:16,,5/21/2021 16:16,
105,3f8bd143-1817-4fde-a320-5069004d6abc,4/30/2021 16:00,11:28,PTB005,Dean and Annie,run,,35,,none,swift,1,6,,1,siltClay,sand,10,"terrestrialVeg,largeWoodyDebris",,10a0f166-e9b3-4035-80ce-7b72d5603c5a,5/21/2021 16:16,,5/21/2021 16:16,
106,12bde330-5d51-4b3f-b1bb-470940362e16,4/30/2021 16:00,11:39,PTB005,Dean and Annie,run,,53,,none,swift,0.23,6,,2,sand,gravel,10,"terrestrialVeg,largeWoodyDebris",,10a0f166-e9b3-4035-80ce-7b72d5603c5a,5/21/2021 16:16,,5/21/2021 16:16,
107,ec5f7d88-2b24-4359-bae8-94e66cd6e120,4/30/2021 16:00,11:41,PTB005,Dean and Annie,run,,75,,none,swift,0.22,6,,1,siltClay,siltClay,20,"terrestrialVeg,largeWoodyDebris",,10a0f166-e9b3-4035-80ce-7b72d5603c5a,5/21/2021 16:16,,5/21/2021 16:16,
108,6778e14c-7088-49c7-b062-a9b15d3a37ee,4/30/2021 16:00,11:44,PTB005,Dean and Annie,run,,100,,none,swift,0.22,6.3,,0,sand,gravel,20,terrestrialVeg,,10a0f166-e9b3-4035-80ce-7b72d5603c5a,5/21/2021 16:16,,5/21/2021 16:16,
109,cc90a572-7bae-42c9-9d06-0aabcb2a6ec4,5/21/2021 16:00,11:18,MOB007.5,Annie and Emma ,riffle,,4.1,,none,swift,0.25,2.1,,0,cobble,gravel,10,None,,666ac11f-7b19-42ad-b2e1-be0edf2581d9,5/21/2021 16:16,,5/21/2021 16:16,
110,4420a166-3615-469c-b38c-3d57fc455155,5/21/2021 16:00,11:21,MOB007.5,Annie and Emma ,run,,28.5,,fast,swift,0.31,6.2,,1,gravel,sand,30,terrestrialVeg,,666ac11f-7b19-42ad-b2e1-be0edf2581d9,5/21/2021 16:16,,5/21/2021 16:16,
111,6479bfd8-a5d8-48e8-9931-a10dd83fc641,5/21/2021 16:00,11:26,MOB007.5,Annie and Emma ,pool,,40,,slow,standing,0.42,4.8,beaver,10,gravel,sand,50,"largeWoodyDebris,terrestrialVeg,undercutBanks",,666ac11f-7b19-42ad-b2e1-be0edf2581d9,5/21/2021 16:16,,5/21/2021 16:16,
112,d2bcc42c-4fbd-4421-a211-5990ce2e9acb,5/21/2021 16:00,11:31,MOB007.5,Annie and Emma ,run,,74,,none,swift,0.46,5.9,,15,gravel,sand,30,"undercutBanks,terrestrialVeg",End at what seems like the remnants of a human made dam with a rope over it (to walk across?),666ac11f-7b19-42ad-b2e1-be0edf2581d9,5/21/2021 16:16,,5/21/2021 16:16,
113,8026789b-a045-4cdf-91da-160c1e5482d3,5/21/2021 16:00,11:40,MOB007.5,Annie and Emma ,pool,,86,,none,slow,0.6,9.6,large woody debris,5,gravel,siltClay,20,"largeWoodyDebris,terrestrialVeg",Woody debris looks manmade,666ac11f-7b19-42ad-b2e1-be0edf2581d9,5/21/2021 16:16,,5/21/2021 16:16,
114,9e54f8db-86e2-4062-900d-3bbeaded6d5c,5/21/2021 16:00,11:49,MOB007.5,Annie and Emma ,run,,100,,slow,slow,0.65,6.1,,20,sand,siltClay,20,"largeWoodyDebris,terrestrialVeg",,666ac11f-7b19-42ad-b2e1-be0edf2581d9,5/21/2021 16:16,,5/21/2021 16:16,
115,3c9116fc-81b1-4b59-a163-b151f0a0da2c,4/30/2021 16:00,12:23,Beb005,D Devine E Tobin,riffle,,30,,none,swift,0.36,3.4,,0,boulder,cobble,0,"whitewater,largeSubstrate",Channelized by stone walls. Habitat is much better down stream,1b36200d-d4af-4eac-b1ae-d9f8b1b4d773,5/21/2021 16:40,,5/21/2021 16:40,
116,a57f931e-d1bb-4c86-9b1b-6b811d85aeb7,4/30/2021 16:00,12:33,Beb005,D Devine E Tobin,riffle,,43,,none,swift,0.27,3.3,,0,cobble,gravel,100,other,Under bridge ,1b36200d-d4af-4eac-b1ae-d9f8b1b4d773,5/21/2021 16:40,,5/21/2021 16:40,
117,31f831a3-9348-4290-98ed-7f62bafb93e4,4/30/2021 16:00,12:36,Beb005,D Devine E Tobin,riffle,,50.7,,none,swift,0.33,4.1,,1,boulder,gravel,10,largeSubstrate,,1b36200d-d4af-4eac-b1ae-d9f8b1b4d773,5/21/2021 16:40,,5/21/2021 16:40,
118,54a3c4ad-3292-47c4-90c1-4c057670e00e,4/30/2021 16:00,12:41,Beb005,D Devine E Tobin,pool,,74,,none,slow,0.45,9.3,artificial,1,siltClay,sand,10,largeSubstrate,,1b36200d-d4af-4eac-b1ae-d9f8b1b4d773,5/21/2021 16:40,,5/21/2021 16:40,
119,31aabf57-e8e5-462e-a9c9-a50a33d0c210,4/30/2021 16:00,12:53,Beb005,D Devine E Tobin,pool,,100,,none,slow,0.74,8.2,large woody debris,1,siltClay,sand,10,"aquaticVeg,terrestrialVeg",,1b36200d-d4af-4eac-b1ae-d9f8b1b4d773,5/21/2021 16:40,,5/21/2021 16:40,
120,b21ad4ea-55f7-4c82-9123-f5cbe11deb3d,5/21/2021 16:00,12:25,THB006,Dean Will,pool,,100,,none,swift,0.58,3.3,boulder,0,,,90,"undercutBanks,terrestrialVeg",,f2f6ada2-809b-42aa-bf14-81be0e44397a,5/21/2021 16:58,,5/21/2021 16:58,
121,2380ad01-f24e-4c1d-8db5-751a226c006b,5/21/2021 16:00,12:27,THB006,Dean Will,run,,90,,none,swift,0.55,3.5,,0,,,0,terrestrialVeg,,f2f6ada2-809b-42aa-bf14-81be0e44397a,5/21/2021 16:58,,5/21/2021 16:58,
122,d454c550-36f2-4cc6-8881-069b6b93c16c,5/21/2021 16:00,12:34,THB006,Dean Will,pool,,86,,none,swift,0.7,3.5,meander,1,,,10,"terrestrialVeg,largeWoodyDebris",,f2f6ada2-809b-42aa-bf14-81be0e44397a,5/21/2021 16:58,,5/21/2021 16:58,
123,1edbf460-4ddd-46de-bec4-78ee06e5a836,5/21/2021 16:00,12:37,THB006,Dean Will,run,,27,,none,swift,0.42,2.5,,0,,,80,"terrestrialVeg,aquaticVeg",,f2f6ada2-809b-42aa-bf14-81be0e44397a,5/21/2021 16:58,,5/21/2021 16:58,
124,b05a62dd-82ae-44ed-a6b1-4b7f7078119e,5/21/2021 16:00,12:45,THB006,Dean Will,pool,,23.5,,none,swift,0.53,3.5,,0,,,70,terrestrialVeg,,f2f6ada2-809b-42aa-bf14-81be0e44397a,5/21/2021 16:58,,5/21/2021 16:58,
125,ea48be93-54b8-45bb-9ba8-0b14b9bc8059,5/21/2021 16:00,12:48,THB006,Dean Will,run,,0,,none,swift,0.28,3.5,,0,,,10,terrestrialVeg,,f2f6ada2-809b-42aa-bf14-81be0e44397a,5/21/2021 16:58,,5/21/2021 16:58,
126,1e9f0969-ab98-47f6-afa6-427ac0a124d6,4/30/2021 16:00,13:02,POB002,Dean and Annie,run,,27,,none,swift,0.32,2.4,,1,gravel,sand,10,"largeWoodyDebris,undercutBanks,terrestrialVeg",,e6961c89-0ac9-4de2-acb2-0424b62ae57f,5/21/2021 17:04,,5/21/2021 17:04,
127,4b03c723-1157-4572-bcbc-be69ed1ed90f,4/30/2021 16:00,13:08,POB002,Dean and Annie,run,,41,,none,swift,0.32,4.7,,4,sand,gravel,10,"terrestrialVeg,largeWoodyDebris",,e6961c89-0ac9-4de2-acb2-0424b62ae57f,5/21/2021 17:04,,5/21/2021 17:04,
128,928f78bd-efc3-40a3-a4b0-2f542f056bff,4/30/2021 16:00,13:12,POB002,Dean and Annie,riffle,,48,,none,swift,0.6,3.6,,1,gravel,sand,10,terrestrialVeg,,e6961c89-0ac9-4de2-acb2-0424b62ae57f,5/21/2021 17:04,,5/21/2021 17:04,
129,624a83d7-e387-41db-bf82-3c42692618d0,4/30/2021 16:00,13:16,POB002,Dean and Annie,riffle,,100,,none,swift,0.38,3.9,,3,gravel,sand,10,terrestrialVeg,,e6961c89-0ac9-4de2-acb2-0424b62ae57f,5/21/2021 17:04,,5/21/2021 17:04,
130,b81d6b28-36e7-436c-b714-700f49921995,5/22/2021 16:00,9:37,PUB004,"Mark Kelly, Chris Hirsch ",riffle,,6.8,,none,swift,0.2,2.8,,0,sand,gravel,30,"terrestrialVeg,other",Concrete Pipe,6fd89da7-66fb-472b-b437-121be68148c7,5/22/2021 14:37,,5/22/2021 14:37,
131,41937983-9776-4b0f-9313-45a4e24a283d,5/22/2021 16:00,9:41,PUB004,"Mark Kelly, Chris Hirsch ",run,,35.6,,none,slow,0.21,3.5,,5,sand,,80,"largeWoodyDebris,terrestrialVeg,undercutBanks",,6fd89da7-66fb-472b-b437-121be68148c7,5/22/2021 14:37,,5/22/2021 14:37,
132,fc825fdf-daf5-45b4-afcf-69153d6f6e72,5/22/2021 16:00,9:47,PUB004,"Mark Kelly, Chris Hirsch ",pool,,35.8,,none,slow,0.4,4,boulder,0,gravel,sand,100,"undercutBanks,terrestrialVeg",,6fd89da7-66fb-472b-b437-121be68148c7,5/22/2021 14:37,,5/22/2021 14:37,
133,3b56d196-5b1f-4792-b378-cac3161b250b,5/22/2021 16:00,9:50,PUB004,"Mark Kelly, Chris Hirsch ",riffle,,39.8,,none,swift,0.15,2.8,,1,cobble,sand,90,"largeSubstrate,terrestrialVeg,largeWoodyDebris",,6fd89da7-66fb-472b-b437-121be68148c7,5/22/2021 14:37,,5/22/2021 14:37,
134,528753fa-6594-41fa-9097-ec5961b0ff6c,5/22/2021 16:00,9:52,PUB004,"Mark Kelly, Chris Hirsch ",run,,66.7,,none,slow,0.18,4.8,,1,sand,cobble,50,"terrestrialVeg,largeSubstrate,undercutBanks",,6fd89da7-66fb-472b-b437-121be68148c7,5/22/2021 14:37,,5/22/2021 14:37,
135,04da97b9-bedd-432b-b778-678c58b3456e,5/22/2021 16:00,10:04,PUB004,"Mark Kelly, Chris Hirsch ",riffle,,73.5,,none,swift,0.2,4.8,,0,gravel,sand,60,"undercutBanks,terrestrialVeg",,6fd89da7-66fb-472b-b437-121be68148c7,5/22/2021 14:37,,5/22/2021 14:37,
136,58c22b17-3700-49d6-bb8c-4f154ccf1fa9,5/22/2021 16:00,10:07,PUB004,"Mark Kelly, Chris Hirsch ",glide,,100,,none,slow,0.26,5.2,,0,sand,gravel,20,"undercutBanks,terrestrialVeg",,6fd89da7-66fb-472b-b437-121be68148c7,5/22/2021 14:37,,5/22/2021 14:37,
137,61dfff81-6c96-499a-a568-b9efd33651eb,5/22/2021 16:00,10:05,THB001,"Annie Tucker, Sylvie Bousquet, Annie",run,,39.5,,none,swift,0.32,1.71,,4,sand,gravel,40,"terrestrialVeg,undercutBanks,largeWoodyDebris",substrate also composed of leaf litter,9d13f080-1ff7-4a7b-8dd2-b43f431c755d,5/22/2021 15:31,,5/22/2021 15:31,
138,94a1423e-5c8e-41c9-b043-4e691d3ac9b3,5/22/2021 16:00,10:18,THB001,"Annie Tucker, Sylvie Bousquet, Annie",run,,52,,none,swift,21,2.1,,4,gravel,sand,30,"undercutBanks,largeWoodyDebris,terrestrialVeg",,9d13f080-1ff7-4a7b-8dd2-b43f431c755d,5/22/2021 15:31,,5/22/2021 15:31,
139,2f77e373-2029-4537-bacb-f7745c186a71,5/22/2021 16:00,10:22,THB001,"Annie Tucker, Sylvie Bousquet, Annie",riffle,,57,,none,swift,0.13,2.4,,7,sand,cobble,40,"largeWoodyDebris,undercutBanks,terrestrialVeg",substrate contains leaf litter,9d13f080-1ff7-4a7b-8dd2-b43f431c755d,5/22/2021 15:31,,5/22/2021 15:31,
140,24b14f6d-53a1-4add-bfa0-90f78e5982e0,5/22/2021 16:00,10:30,THB001,"Annie Tucker, Sylvie Bousquet, Annie",run,,63,,none,swift,6,1.5,,0,gravel,gravel,100,other,culvert. stream is piped,9d13f080-1ff7-4a7b-8dd2-b43f431c755d,5/22/2021 15:31,,5/22/2021 15:31,
141,9a04e155-6d22-4e65-aae6-e8f384a01bb1,5/22/2021 16:00,10:35,THB001,"Annie Tucker, Sylvie Bousquet, Annie",pool,,65.7,,none,slow,0.4,2.8,culvert,0,siltClay,sand,70,"undercutBanks,terrestrialVeg",,9d13f080-1ff7-4a7b-8dd2-b43f431c755d,5/22/2021 15:31,,5/22/2021 15:31,
142,19975e30-2a7b-4069-abd3-1b66f117215d,5/22/2021 16:00,10:45,THB001,"Annie Tucker, Sylvie Bousquet, Annie",riffle,,74,,none,swift,0.07,1.7,,0,gravel,sand,70,None,,9d13f080-1ff7-4a7b-8dd2-b43f431c755d,5/22/2021 15:31,,5/22/2021 15:31,
143,de5d3d38-1e91-40ed-8826-2ce759a17e4f,5/22/2021 16:00,10:47,THB001,"Annie Tucker, Sylvie Bousquet, Annie",run,,89.1,,none,swift,0.47,2.3,,10,gravel,sand,60,"terrestrialVeg,largeWoodyDebris,other",this habitat unit is close to being a pool. leaf litter is also instream cover,9d13f080-1ff7-4a7b-8dd2-b43f431c755d,5/22/2021 15:31,,5/22/2021 15:31,
144,fca567e6-1687-4708-bc9d-58230fdba3b2,5/22/2021 16:00,10:52,THB001,"Annie Tucker, Sylvie Bousquet, Annie",pool,,100,,none,slow,0.52,3.1,large woody debris,5,sand,sand,30,"largeWoodyDebris,terrestrialVeg",dominant substrate is leaves. habitat unit is a mix of pool and run,9d13f080-1ff7-4a7b-8dd2-b43f431c755d,5/22/2021 15:31,,5/22/2021 15:31,
145,22d747c8-5604-4823-a8ca-a593f2e92d38,5/22/2021 16:00,11:33,THBT01,"annie, annie, sylvie",run,,24.5,,none,swift,0.12,0.7,,10,sand,gravel,50,"terrestrialVeg,largeWoodyDebris,undercutBanks",small pool-like feature,7447145a-b458-4af7-9a36-8501cd1e21a3,5/22/2021 16:16,,5/22/2021 16:16,
146,25e51b88-fb2f-4339-82a9-3c9599ce9312,5/22/2021 16:00,11:40,THBT01,"annie, annie, sylvie",pool,,26,,none,slow,0.3,1,large woody debris,0,sand,siltClay,50,terrestrialVeg,leaf litter is substrate,7447145a-b458-4af7-9a36-8501cd1e21a3,5/22/2021 16:16,,5/22/2021 16:16,
147,eeb8c8a3-adc8-4430-9ef5-967c58054bf6,5/22/2021 16:00,11:42,THBT01,"annie, annie, sylvie",riffle,,35.5,,none,swift,0.1,0.8,,5,sand,gravel,40,"terrestrialVeg,largeWoodyDebris",,7447145a-b458-4af7-9a36-8501cd1e21a3,5/22/2021 16:16,,5/22/2021 16:16,
148,b514c1f1-9461-4dc9-a62d-db542d54d9f1,5/22/2021 16:00,11:44,THBT01,"annie, annie, sylvie",run,,47,,none,slow,0.33,1,,6,sand,gravel,20,"largeWoodyDebris,terrestrialVeg",,7447145a-b458-4af7-9a36-8501cd1e21a3,5/22/2021 16:16,,5/22/2021 16:16,
149,331c0b6e-bdb1-4a42-a5d6-1b0cf70f2747,5/22/2021 16:00,11:47,THBT01,"annie, annie, sylvie",pool,,47.5,,none,slow,0.2,1.2,large woody debris,2,siltClay,sand,30,"terrestrialVeg,largeSubstrate",dominant substrate is leaf litter,7447145a-b458-4af7-9a36-8501cd1e21a3,5/22/2021 16:16,,5/22/2021 16:16,
150,14e289de-2b23-4983-9c05-386e14dad141,5/22/2021 16:00,11:49,THBT01,"annie, annie, sylvie",run,,96.5,,none,swift,0.17,0.8,,10,sand,gravel,30,"largeWoodyDebris,terrestrialVeg",3 2m long riffle-like areaa throughout run unit,7447145a-b458-4af7-9a36-8501cd1e21a3,5/22/2021 16:16,,5/22/2021 16:16,
151,e986eb92-9b8e-4fd1-9954-644cb0dc610d,5/22/2021 16:00,11:55,THBT01,"annie, annie, sylvie",cascade,,100,,none,swift,0.22,0.53,,0,cobble,gravel,70,largeSubstrate,habitat unit is between riffle and cascade,7447145a-b458-4af7-9a36-8501cd1e21a3,5/22/2021 16:16,,5/22/2021 16:16,
152,1742ad0f-7fee-4186-9f1a-4b3ce613b29a,5/22/2021 16:00,11:47,PUB005,"Mark Kelly, Chris Hirsch",run,,4,,none,swift,0.3,3.5,,0,gravel,sand,100,"undercutBanks,terrestrialVeg",,43642e42-c732-4653-ba9d-e9279cc5b798,5/22/2021 16:21,,5/22/2021 16:21,
153,c52eeeec-a802-49f3-b20d-0fb630e83220,5/22/2021 16:00,11:50,PUB005,"Mark Kelly, Chris Hirsch",riffle,,12.5,,none,swift,0.1,2.1,,1,gravel,,90,"undercutBanks,terrestrialVeg",,43642e42-c732-4653-ba9d-e9279cc5b798,5/22/2021 16:21,,5/22/2021 16:21,
154,97ead2b4-66a2-480a-a5e9-8c7bba30bc09,5/22/2021 16:00,11:54,PUB005,"Mark Kelly, Chris Hirsch",run,,21.3,,none,swift,0.3,2.8,,1,gravel,sand,70,"undercutBanks,largeWoodyDebris,terrestrialVeg",,43642e42-c732-4653-ba9d-e9279cc5b798,5/22/2021 16:21,,5/22/2021 16:21,
155,daedaaae-2c6c-418a-92a7-c13a3d50d79b,5/22/2021 16:00,11:56,PUB005,"Mark Kelly, Chris Hirsch",riffle,,2,,none,swift,0.1,4,,0,gravel,,50,"terrestrialVeg,undercutBanks",,43642e42-c732-4653-ba9d-e9279cc5b798,5/22/2021 16:21,,5/22/2021 16:21,
156,21f71f86-155d-48ae-a499-bcdca2741923,5/22/2021 16:00,11:57,PUB005,"Mark Kelly, Chris Hirsch",run,,38.7,,none,swift,0.4,3.8,,1,gravel,sand,90,"largeWoodyDebris,terrestrialVeg",,43642e42-c732-4653-ba9d-e9279cc5b798,5/22/2021 16:21,,5/22/2021 16:21,
157,0017da72-5161-45f1-b989-4deba69ba2f2,5/22/2021 16:00,12:00,PUB005,"Mark Kelly, Chris Hirsch",riffle,,61,,slow,swift,0.2,4.4,,0,gravel,sand,40,"terrestrialVeg,undercutBanks",,43642e42-c732-4653-ba9d-e9279cc5b798,5/22/2021 16:21,,5/22/2021 16:21,
158,40c5cb1a-f4cb-498d-a074-583640b5c91a,5/22/2021 16:00,12:03,PUB005,"Mark Kelly, Chris Hirsch",glide,,66,,none,slow,0.15,4.1,,1,gravel,sand,50,"undercutBanks,largeWoodyDebris,terrestrialVeg",,43642e42-c732-4653-ba9d-e9279cc5b798,5/22/2021 16:21,,5/22/2021 16:21,
159,d0217607-8205-4b71-912d-b797ff415d59,5/22/2021 16:00,12:06,PUB005,"Mark Kelly, Chris Hirsch",pool,,72.2,,none,slow,0.45,5.5,large woody debris,2,sand,gravel,30,"largeWoodyDebris,terrestrialVeg",,43642e42-c732-4653-ba9d-e9279cc5b798,5/22/2021 16:21,,5/22/2021 16:21,
160,8085d038-7e36-4da2-8ea3-3b6622564628,5/22/2021 16:00,12:08,PUB005,"Mark Kelly, Chris Hirsch",glide,,85,,none,slow,0.3,6.2,,5,gravel,sand,70,"largeWoodyDebris,terrestrialVeg,undercutBanks",,43642e42-c732-4653-ba9d-e9279cc5b798,5/22/2021 16:21,,5/22/2021 16:21,
161,9d642507-7ab5-43ec-9a79-3c115456f2f8,5/22/2021 16:00,12:12,PUB005,"Mark Kelly, Chris Hirsch",pool,,91,,none,slow,0.55,3.7,large woody debris,13,sand,gravel,90,"largeWoodyDebris,terrestrialVeg",,43642e42-c732-4653-ba9d-e9279cc5b798,5/22/2021 16:21,,5/22/2021 16:21,
162,091539a4-de52-4ef3-b7c0-8cb59e4b68f2,5/22/2021 16:00,12:15,PUB005,"Mark Kelly, Chris Hirsch",riffle,,100,,fast,swift,0.15,2.7,,4,gravel,sand,50,"largeWoodyDebris,terrestrialVeg,undercutBanks",,43642e42-c732-4653-ba9d-e9279cc5b798,5/22/2021 16:21,,5/22/2021 16:21,
163,79760b5c-0239-4703-b93a-c6ed81f8cfb3,5/24/2021 16:00,10:00,MLB005,Mike and Ronda Yeomans,glide,,18,,none,slow,0.36,4,,4,,,80,"largeWoodyDebris,terrestrialVeg",,aefdd6fc-b00a-4641-8336-65c807e65106,5/24/2021 14:43,,5/24/2021 14:43,
164,ed977f6d-2d49-4e69-8277-a810e610f605,5/24/2021 16:00,10:06,MLB005,Mike and Ronda Yeomans,pool,,42,,none,slow,0.78,5.5,beaver,3,,,50,"terrestrialVeg,largeWoodyDebris",,aefdd6fc-b00a-4641-8336-65c807e65106,5/24/2021 14:43,,5/24/2021 14:43,
165,107d930f-e3b1-4f82-93c0-a6e4d868fa4a,5/24/2021 16:00,10:13,MLB005,Mike and Ronda Yeomans,glide,,52,,none,slow,0.25,5,,4,,,50,"largeWoodyDebris,terrestrialVeg",,aefdd6fc-b00a-4641-8336-65c807e65106,5/24/2021 14:43,,5/24/2021 14:43,
166,9603f623-c493-483b-8484-46d32136ebe1,5/24/2021 16:00,10:17,MLB005,Mike and Ronda Yeomans,riffle,,86,,none,swift,0.3,4,,10,,,70,"largeWoodyDebris,terrestrialVeg",,aefdd6fc-b00a-4641-8336-65c807e65106,5/24/2021 14:43,,5/24/2021 14:43,
167,84bacb2b-e1bf-4111-b7be-5d368498d8a5,5/24/2021 16:00,10:19,MLB005,Mike and Ronda Yeomans,run,,95,,none,swift,0.44,4.25,,2,,,70,"largeWoodyDebris,terrestrialVeg",,aefdd6fc-b00a-4641-8336-65c807e65106,5/24/2021 14:43,,5/24/2021 14:43,
168,db4d3c3b-385f-4c70-bee5-38108ec21b12,5/24/2021 16:00,10:22,MLB005,Mike and Ronda Yeomans,riffle,,100,,none,swift,0.2,3,,2,,,75,"largeSubstrate,largeWoodyDebris,terrestrialVeg",,aefdd6fc-b00a-4641-8336-65c807e65106,5/24/2021 14:43,,5/24/2021 14:43,
169,c66f5883-7dcb-4e36-b633-e116aefa9d4d,5/24/2021 16:00,10:06,Pob006,D. Devine ,pool,,15.5,,none,standing,0.61,6.2,beaver,7,siltClay,sand,20,"largeWoodyDebris,terrestrialVeg",Beaver pond,d1f7f408-5d3a-411b-bf48-7b966bb2988b,5/24/2021 15:59,,5/24/2021 15:59,
170,a9512d28-2330-4c42-ac9f-25611941deef,5/24/2021 16:00,10:12,Pob006,D. Devine ,pool,,40,,none,slow,0.63,6.8,beaver,4,siltClay,sand,60,"terrestrialVeg,aquaticVeg",,d1f7f408-5d3a-411b-bf48-7b966bb2988b,5/24/2021 15:59,,5/24/2021 15:59,
171,194e2508-1fc5-467b-96d3-3ba36751177f,5/24/2021 16:00,10:18,Pob006,D. Devine ,pool,,52,,none,slow,0.97,7.8,beaver,8,siltClay,siltClay,30,"terrestrialVeg,aquaticVeg",Blown out beaver dam,d1f7f408-5d3a-411b-bf48-7b966bb2988b,5/24/2021 15:59,,5/24/2021 15:59,
172,fdad795d-8c03-48ec-87ad-c9e106d9a4f2,5/24/2021 16:00,10:26,Pob006,D. Devine ,pool,,70,,none,slow,0.52,8.2,beaver,6,sand,siltClay,45,"terrestrialVeg,aquaticVeg",,d1f7f408-5d3a-411b-bf48-7b966bb2988b,5/24/2021 15:59,,5/24/2021 15:59,
173,2324da6a-a5ae-4540-8af7-cdbaf792fbcf,5/24/2021 16:00,10:37,Pob006,D. Devine ,pool,,83,,none,slow,0.62,6.8,large woody debris,6,sand,siltClay,70,"largeWoodyDebris,aquaticVeg,terrestrialVeg",,d1f7f408-5d3a-411b-bf48-7b966bb2988b,5/24/2021 15:59,,5/24/2021 15:59,
174,1a9a5513-48bd-4b4c-ad4c-15a9af3647da,5/24/2021 16:00,10:46,Pob006,D. Devine ,pool,,100,,none,slow,0.62,4.9,beaver,2,sand,sand,40,"terrestrialVeg,aquaticVeg",,d1f7f408-5d3a-411b-bf48-7b966bb2988b,5/24/2021 15:59,,5/24/2021 15:59,
175,47437cf4-a0f4-4838-8ec8-fc4ced0e9442,5/24/2021 16:00,11:04,MLB001,Mike and Ronda Yeomans ,run,,11,,fast,swift,0.1,2,,5,,,80,"largeSubstrate,largeWoodyDebris,terrestrialVeg",,08f82432-742d-44f0-9ac6-4d2549f58a1c,5/24/2021 16:06,,5/24/2021 16:06,
176,1aa98435-4876-43d3-bff1-52c5e3bd2f14,5/24/2021 16:00,11:06,MLB001,Mike and Ronda Yeomans ,riffle,,17,,none,swift,0.15,1.5,,5,sand,cobble,80,"terrestrialVeg,largeWoodyDebris,largeSubstrate",,08f82432-742d-44f0-9ac6-4d2549f58a1c,5/24/2021 16:06,,5/24/2021 16:06,
177,fb6aaafb-d5f4-43b5-bfbe-2997eabc1c14,5/24/2021 16:00,11:12,MLB001,Mike and Ronda Yeomans ,riffle,,22,,none,swift,0.15,1.5,,5,,,60,"largeSubstrate,largeWoodyDebris,terrestrialVeg",,08f82432-742d-44f0-9ac6-4d2549f58a1c,5/24/2021 16:06,,5/24/2021 16:06,
178,513957aa-7ea0-44ab-bef8-732659d7d706,5/24/2021 16:00,11:14,MLB001,Mike and Ronda Yeomans ,pool,,32,,none,slow,0.26,3.5,,5,,,50,"largeWoodyDebris,terrestrialVeg",,08f82432-742d-44f0-9ac6-4d2549f58a1c,5/24/2021 16:06,,5/24/2021 16:06,
179,24961da8-4701-4f83-a627-c7b2739807e0,5/24/2021 16:00,11:17,MLB001,Mike and Ronda Yeomans ,glide,,44,,none,slow,0.28,1.5,,1,,,60,"undercutBanks,largeWoodyDebris,terrestrialVeg",,08f82432-742d-44f0-9ac6-4d2549f58a1c,5/24/2021 16:06,,5/24/2021 16:06,
180,c5b96a50-fd20-4e7e-b05d-49ee96279e44,5/24/2021 16:00,11:19,MLB001,Mike and Ronda Yeomans ,run,,69,,none,swift,0.17,3,,2,,,60,"largeWoodyDebris,aquaticVeg",,08f82432-742d-44f0-9ac6-4d2549f58a1c,5/24/2021 16:06,,5/24/2021 16:06,
181,ffc7d8ee-c592-487d-9306-a552e726ee1d,5/24/2021 16:00,11:22,MLB001,Mike and Ronda Yeomans ,riffle,,76,,none,swift,0.08,2.25,,3,,,70,"largeWoodyDebris,terrestrialVeg",,08f82432-742d-44f0-9ac6-4d2549f58a1c,5/24/2021 16:06,,5/24/2021 16:06,
182,55b33623-4182-47be-8e12-6a0e0f27f79c,5/24/2021 16:00,11:24,MLB001,Mike and Ronda Yeomans ,glide,,91,,none,slow,0.19,3.25,,3,,,80,"largeWoodyDebris,terrestrialVeg",,08f82432-742d-44f0-9ac6-4d2549f58a1c,5/24/2021 16:06,,5/24/2021 16:06,
183,67cf0a7b-fe34-44d3-bf96-194dbbc0b593,5/24/2021 16:00,11:26,MLB001,Mike and Ronda Yeomans ,run,,100,,none,swift,0.15,4.5,,2,,,80,largeWoodyDebris,,08f82432-742d-44f0-9ac6-4d2549f58a1c,5/24/2021 16:06,,5/24/2021 16:06,
184,e516dade-b1f5-4f73-89f3-cfc2cae28c73,5/24/2021 16:00,9:57,PTB007,"Dean, Charlie",run,,10,,none,swift,0.25,4.5,,1,,,10,"largeSubstrate,terrestrialVeg,aquaticVeg",,0e58bcb9-0596-4361-bf8d-b15c524244da,5/24/2021 17:54,,5/24/2021 17:54,
185,8f779d8a-8502-4435-9294-f6ebfb1c20a3,5/24/2021 16:00,10:01,PTB007,"Dean, Charlie",run,,60,,none,swift,0.27,5,,0,,,80,"terrestrialVeg,aquaticVeg",,0e58bcb9-0596-4361-bf8d-b15c524244da,5/24/2021 17:54,,5/24/2021 17:54,
186,9a60522b-a808-4b7c-855a-54c2ab2167ce,5/24/2021 16:00,10:06,PTB007,"Dean, Charlie",run,,100,,none,swift,0.28,4.5,,1,,,70,"largeWoodyDebris,terrestrialVeg,aquaticVeg",,0e58bcb9-0596-4361-bf8d-b15c524244da,5/24/2021 17:54,,5/24/2021 17:54,
187,a4d60ee3-4fb3-4383-8cee-9c53405e4dbf,5/24/2021 16:00,10:42,PTB005,Charlie and Dean,run,,20,,none,slow,0.73,6,,1,,,70,"largeWoodyDebris,terrestrialVeg,aquaticVeg",,ea4ee4da-c9eb-4102-89f2-5c16e9ff040b,5/24/2021 17:54,,5/24/2021 17:54,
188,d3e9cbbf-1869-498c-bfba-87b3f91ba4e7,5/24/2021 16:00,10:50,PTB005,Charlie and Dean,run,,35,,none,slow,0.86,4.4,,0,,,70,"terrestrialVeg,aquaticVeg",,ea4ee4da-c9eb-4102-89f2-5c16e9ff040b,5/24/2021 17:54,,5/24/2021 17:54,
189,2d1f55bd-01dc-4d2b-8c65-10af4c006c28,5/24/2021 16:00,11:03,PTB005,Charlie and Dean,run,,53,,none,slow,0.55,5,,1,,,80,"largeWoodyDebris,aquaticVeg,terrestrialVeg",,ea4ee4da-c9eb-4102-89f2-5c16e9ff040b,5/24/2021 17:54,,5/24/2021 17:54,
190,df142cb2-a9b1-4372-a01a-290b795b8b18,5/24/2021 16:00,11:08,PTB005,Charlie and Dean,run,,75,,none,slow,0.6,6,,1,,,90,"terrestrialVeg,aquaticVeg",,ea4ee4da-c9eb-4102-89f2-5c16e9ff040b,5/24/2021 17:54,,5/24/2021 17:54,
191,07cf62a5-92ef-4a83-b9a3-713377f6c383,5/24/2021 16:00,11:11,PTB005,Charlie and Dean,run,,100,,none,slow,0.4,5.5,,0,,,70,"terrestrialVeg,aquaticVeg",,ea4ee4da-c9eb-4102-89f2-5c16e9ff040b,5/24/2021 17:54,,5/24/2021 17:54,
192,a1562e50-43f5-4f71-8175-8e6203bd5ea0,5/24/2021 16:00,11:43,PTB004,Charlie and Dean,run,,19.5,,none,slow,0.44,5.5,,1,,,70,"terrestrialVeg,aquaticVeg",,275bc4b6-b1e7-44ac-a2d4-f90a375a0706,5/24/2021 17:54,,5/24/2021 17:54,
193,da4c60bc-5e88-4497-a617-abaa3a4661eb,5/24/2021 16:00,11:45,PTB004,Charlie and Dean,riffle,,38.5,,none,swift,0.25,3.6,,2,,,70,"largeWoodyDebris,aquaticVeg,terrestrialVeg",,275bc4b6-b1e7-44ac-a2d4-f90a375a0706,5/24/2021 17:54,,5/24/2021 17:54,
194,1ab13b5c-e580-4d9e-a60f-c5caa40cd97c,5/24/2021 16:00,11:48,PTB004,Charlie and Dean,pool,,46.5,,none,swift,0.93,6,artificial,0,,,80,"aquaticVeg,terrestrialVeg",,275bc4b6-b1e7-44ac-a2d4-f90a375a0706,5/24/2021 17:54,,5/24/2021 17:54,
195,e4d1304a-315a-49c4-b83b-9c3e07d5d27f,5/24/2021 16:00,11:53,PTB004,Charlie and Dean,riffle,,71.5,,none,swift,0.46,4.5,,2,,,80,"largeWoodyDebris,terrestrialVeg,aquaticVeg",,275bc4b6-b1e7-44ac-a2d4-f90a375a0706,5/24/2021 17:54,,5/24/2021 17:54,
196,52114854-34b0-41fd-968f-1a4826fb44b9,5/24/2021 16:00,12:09,PTB004,Charlie and Dean,run,,89,,none,swift,0.35,5,,1,,,70,"largeWoodyDebris,terrestrialVeg",,275bc4b6-b1e7-44ac-a2d4-f90a375a0706,5/24/2021 17:54,,5/24/2021 17:54,
197,8bd67e2f-22df-4460-912f-6ad57a3ea08c,5/24/2021 16:00,12:18,PTB004,Charlie and Dean,riffle,,92,,none,swift,0.48,3.5,,1,,,70,"terrestrialVeg,aquaticVeg",,275bc4b6-b1e7-44ac-a2d4-f90a375a0706,5/24/2021 17:54,,5/24/2021 17:54,
198,cc51c959-7a1d-4af4-b15a-1b477d1db3d8,5/24/2021 16:00,12:23,PTB004,Charlie and Dean,pool,,100,,none,slow,0.4,6,artificial,0,,,90,terrestrialVeg,,275bc4b6-b1e7-44ac-a2d4-f90a375a0706,5/24/2021 17:54,,5/24/2021 17:54,
221,adef089a-8e61-431a-9f04-3502b0f13cab,6/6/2021 16:00,10:01,Pob003,Declan Alex sean Evan ,run,,22.4,,none,swift,0.41,2.4,,0,siltClay,gravel,50,"largeWoodyDebris,terrestrialVeg,aquaticVeg,undercutBanks",,6f57d152-0d0f-4b9b-a3d0-ab5d8c2a0186,6/6/2021 15:36,,6/6/2021 15:36,
222,3d45178b-4309-433c-a2d5-46c282098038,6/6/2021 16:00,10:43,Pob003,Declan Alex sean Evan ,riffle,,100,,slow,swift,0.2,2.7,,1,sand,siltClay,75,"undercutBanks,largeWoodyDebris,terrestrialVeg",,6f57d152-0d0f-4b9b-a3d0-ab5d8c2a0186,6/6/2021 15:36,,6/6/2021 15:36,
223,948839e0-a2be-41bd-9f5d-0af1330af9b6,6/9/2021 16:00,13:54,PBT004,"Charlie,Will",run,,19.5,,none,slow,40,8.1,,2,gravel,sand,0,None,,c59439f5-64eb-4933-a440-4bbdbef9ddc3,6/9/2021 18:05,,6/9/2021 18:05,
224,c32edc38-1e93-4455-b7e2-ff9d10218376,6/9/2021 16:00,13:55,PBT004,"Charlie,Will",riffle,,38.5,,none,swift,42,4.5,,1,gravel,sand,10,other,,c59439f5-64eb-4933-a440-4bbdbef9ddc3,6/9/2021 18:05,,6/9/2021 18:05,
225,bc8250d9-82aa-4adf-a412-f2309da8e303,6/9/2021 16:00,13:58,PBT004,"Charlie,Will",pool,,46.5,,none,slow,97,6.5,culvert,0,gravel,sand,20,None,,c59439f5-64eb-4933-a440-4bbdbef9ddc3,6/9/2021 18:05,,6/9/2021 18:05,
226,3de5d5d9-f70c-4225-a68d-2e9556d57cb6,6/9/2021 16:00,13:59,PBT004,"Charlie,Will",riffle,,71.5,,none,swift,57,6,,4,gravel,cobble,0,other,,c59439f5-64eb-4933-a440-4bbdbef9ddc3,6/9/2021 18:05,,6/9/2021 18:05,
227,98547de0-fdcf-4bd3-ab95-fbd4ae177584,6/9/2021 16:00,14:00,PBT004,"Charlie,Will",riffle,,85,,none,swift,55,4.7,,1,gravel,sand,10,other,,c59439f5-64eb-4933-a440-4bbdbef9ddc3,6/9/2021 18:05,,6/9/2021 18:05,
228,e27d64f9-d49d-43f1-867f-05a47c902a8a,6/9/2021 16:00,14:03,PBT004,"Charlie,Will",pool,,90,,none,slow,70,6,,0,gravel,cobble,0,other,,c59439f5-64eb-4933-a440-4bbdbef9ddc3,6/9/2021 18:05,,6/9/2021 18:05,
229,db933028-7f20-49ef-8a35-2c57dd8d64a0,6/9/2021 16:00,14:04,PBT004,"Charlie,Will",pool,,100,,none,slow,50,6.5,,0,gravel,sand,0,None,,c59439f5-64eb-4933-a440-4bbdbef9ddc3,6/9/2021 18:05,,6/9/2021 18:05,
230,6cbef31b-141c-455b-869a-2c0b51a059c8,6/9/2021 16:00,14:14,PTB007,Dean and Annie,run,,10,,none,swift,0.33,6,,1,gravel,sand,10,other,,808b20a8-a4af-40d2-82de-dd3911872235,6/9/2021 18:20,,6/9/2021 18:20,
231,6cbba508-458f-49d5-854b-b30af143d59e,6/9/2021 16:00,14:16,PTB007,Dean and Annie,run,,60,,none,swift,0.4,6.2,,0,gravel,sand,50,other,,808b20a8-a4af-40d2-82de-dd3911872235,6/9/2021 18:20,,6/9/2021 18:20,
232,2b2b049d-bba9-42b8-b8b3-e90a71d66db8,6/9/2021 16:00,14:16,PTB007,Dean and Annie,run,,100,,none,swift,0.44,6,,1,gravel,sand,30,other,,808b20a8-a4af-40d2-82de-dd3911872235,6/9/2021 18:20,,6/9/2021 18:20,
233,1f98d4f1-8ff7-444f-b85c-a5d9ac25413e,6/9/2021 16:00,14:32,BEB001,"EmmaT, Declan D",glide,,15.5,,none,slow,0.3,4.4,,2,siltClay,cobble,10,"largeSubstrate,aquaticVeg,largeWoodyDebris,terrestrialVeg,undercutBanks",,265e3a64-524a-4c0e-8bbb-eb8dfd15beef,6/9/2021 19:01,,6/9/2021 19:01,
234,2cf2ab0b-b147-4a47-8539-80304d1457b2,6/9/2021 16:00,14:50,BEB001,"EmmaT, Declan D",riffle,,29,,none,swift,0.2,6.4,,5,cobble,sand,10,"largeSubstrate,largeWoodyDebris,aquaticVeg,terrestrialVeg",Some gravel,265e3a64-524a-4c0e-8bbb-eb8dfd15beef,6/9/2021 19:01,,6/9/2021 19:01,
235,897041dc-1855-4447-a612-23622e5591b3,6/9/2021 16:00,14:52,BEB001,"EmmaT, Declan D",glide,,45.7,,none,swift,0.2,9.4,,4,siltClay,gravel,0,"undercutBanks,aquaticVeg,largeWoodyDebris",Narrow gravel channel with flooded silt ,265e3a64-524a-4c0e-8bbb-eb8dfd15beef,6/9/2021 19:01,,6/9/2021 19:01,
236,a427f04b-e42d-443e-b2d3-aeb14dfd7d05,6/9/2021 16:00,14:55,BEB001,"EmmaT, Declan D",glide,,75,,none,slow,0.18,5.3,,5,siltClay,siltClay,20,"largeWoodyDebris,undercutBanks,aquaticVeg",,265e3a64-524a-4c0e-8bbb-eb8dfd15beef,6/9/2021 19:01,,6/9/2021 19:01,
237,cf41d2c3-2a33-4474-9f9c-6963a73e40ee,6/9/2021 16:00,14:56,BEB001,"EmmaT, Declan D",riffle,,78.5,,none,swift,0.17,5.1,,3,cobble,siltClay,20,"undercutBanks,terrestrialVeg,aquaticVeg,largeWoodyDebris",,265e3a64-524a-4c0e-8bbb-eb8dfd15beef,6/9/2021 19:01,,6/9/2021 19:01,
238,89f77e7d-14eb-460f-8438-7e46672c8efa,6/9/2021 16:00,14:58,BEB001,"EmmaT, Declan D",glide,,100,,none,slow,0.13,4.1,,6,sand,cobble,20,"largeWoodyDebris,terrestrialVeg,aquaticVeg,undercutBanks",,265e3a64-524a-4c0e-8bbb-eb8dfd15beef,6/9/2021 19:01,,6/9/2021 19:01,
239,d7dec3a9-32b3-4659-9577-83074485db90,6/9/2021 16:00,15:18,POB003,"D.Devine, w Friesland, c Crosby ",run,,22.4,,none,swift,0.49,3.2,,2,sand,gravel,10,"largeWoodyDebris,terrestrialVeg",,b620bc1c-3227-47f4-8435-05a606c62659,6/9/2021 19:28,,6/9/2021 19:28,
240,a67dc822-4811-46c4-8b44-07a332f6f704,6/9/2021 16:00,15:19,POB003,"D.Devine, w Friesland, c Crosby ",riffle,,40,,fast,swift,0.35,3.7,,6,gravel,sand,2,"largeWoodyDebris,aquaticVeg,terrestrialVeg",,b620bc1c-3227-47f4-8435-05a606c62659,6/9/2021 19:28,,6/9/2021 19:28,
241,0b5fe4c2-f1d5-407b-aa27-c86bd9bdc393,6/9/2021 16:00,15:20,POB003,"D.Devine, w Friesland, c Crosby ",pool,,42.5,,fast,swift,0.39,3.7,large woody debris,1,gravel,siltClay,0,None,,b620bc1c-3227-47f4-8435-05a606c62659,6/9/2021 19:28,,6/9/2021 19:28,
242,e5638a71-ce7d-483c-abe9-005cfd9e1cbd,6/9/2021 16:00,15:21,POB003,"D.Devine, w Friesland, c Crosby ",riffle,,64,,none,swift,0.39,3.5,,4,gravel,sand,20,"undercutBanks,aquaticVeg,terrestrialVeg",,b620bc1c-3227-47f4-8435-05a606c62659,6/9/2021 19:28,,6/9/2021 19:28,
243,a8798bfa-fa73-484e-9a75-3cf258cd2fbc,6/9/2021 16:00,15:23,POB003,"D.Devine, w Friesland, c Crosby ",pool,,72.6,,none,swift,40,4.1,meander,0,gravel,sand,0,"undercutBanks,largeWoodyDebris,terrestrialVeg",,b620bc1c-3227-47f4-8435-05a606c62659,6/9/2021 19:28,,6/9/2021 19:28,
244,d7b8d0ec-9850-4982-aeee-b8e966bd246c,6/9/2021 16:00,15:24,POB003,"D.Devine, w Friesland, c Crosby ",riffle,,89.3,,none,swift,0.37,2.1,,1,gravel,sand,10,"undercutBanks,aquaticVeg,largeWoodyDebris,terrestrialVeg",,b620bc1c-3227-47f4-8435-05a606c62659,6/9/2021 19:28,,6/9/2021 19:28,
245,6f5b9a49-6dbb-4a6f-8665-90bf415e99dd,6/9/2021 16:00,15:25,POB003,"D.Devine, w Friesland, c Crosby ",riffle,,100,,fast,swift,0.3,1.9,,0,sand,gravel,20,"undercutBanks,largeWoodyDebris,terrestrialVeg",,b620bc1c-3227-47f4-8435-05a606c62659,6/9/2021 19:28,,6/9/2021 19:28,
246,713409d2-b325-474c-baea-b866c0ac4658,6/9/2021 16:00,15:34,Ptb001,"Charlie, Will",riffle,,100,,slow,swift,99,99,,1,sand,gravel,0,"terrestrialVeg,undercutBanks",,7d085939-a488-42bf-ace2-c837f82ba27a,6/9/2021 19:43,,6/9/2021 19:43,
247,4e44c3c1-650c-4dd3-8b35-0f80e3d090db,6/11/2021 16:00,16:44,Test,Test,cascade,,2,,fast,dry,99,99,,99,siltClay,siltClay,99,None,99,2e56048f-0f53-4042-8c1c-b29ac2e73543,6/11/2021 20:45,neponset,6/11/2021 20:45,neponset
248,7d6c02f3-5894-4acc-8ca4-ae32da93817d,6/11/2021 16:00,16:45,test2,test2,riffle,,7,,none,slow,7,7,,7,siltClay,siltClay,7,"largeSubstrate,other",,12921cda-db34-482b-8728-011d439a6bbf,6/11/2021 20:47,,6/11/2021 20:47,
249,67f8c032-71de-4f65-b0eb-279ec56cd90f,6/18/2021 16:00,9:40,POB002,"Molly, Audrey; Annie",run,,27,,none,swift,0.33,1.6,,5,gravel,sand,40,"undercutBanks,largeWoodyDebris,aquaticVeg,terrestrialVeg","Predominately a run but there were some small riffle areas, bottom tapered off to larger substrate right by the culvert",afcdbcf0-e78c-43f0-93a8-1544d8e87ff0,6/18/2021 14:33,,6/18/2021 14:33,
250,4741cadd-4084-4f12-8808-20647b84d4be,6/18/2021 16:00,9:52,POB002,"Molly, Audrey; Annie",riffle,,41,,none,swift,0.3,3.4,,3,gravel,sand,80,"largeWoodyDebris,terrestrialVeg",log sort of separates the flow but it’s not a full secondary channel,afcdbcf0-e78c-43f0-93a8-1544d8e87ff0,6/18/2021 14:33,,6/18/2021 14:33,
251,eda67d9e-db0f-4c23-a1fe-f4d4cdb7e3c5,6/18/2021 16:00,9:58,POB002,"Molly, Audrey; Annie",riffle,,48,,none,swift,0.17,3.8,,1,gravel,sand,80,largeWoodyDebris,,afcdbcf0-e78c-43f0-93a8-1544d8e87ff0,6/18/2021 14:33,,6/18/2021 14:33,
252,53cdb5c8-7284-4b2d-9111-8326d32b8c48,6/18/2021 16:00,10:01,POB002,"Molly, Audrey; Annie",riffle,,100,,none,swift,0.32,3.6,,2,gravel,sand,60,"undercutBanks,largeWoodyDebris,aquaticVeg,terrestrialVeg","2 pool features on the side of the channel, scattered cobble",afcdbcf0-e78c-43f0-93a8-1544d8e87ff0,6/18/2021 14:33,,6/18/2021 14:33,
253,99c154f9-52cd-475b-a6ce-26ec80ee2dec,6/18/2021 16:00,9:47,THB006,Charlie and Dean,run,,4.5,,none,swift,0.35,5.5,,0,,,90,terrestrialVeg,,8061a1e1-404f-4593-858f-08cc4f724e10,6/18/2021 16:07,,6/18/2021 16:07,
254,da3e4382-8a52-47b3-b94c-d05eb7d0a50a,6/18/2021 16:00,9:52,THB006,Charlie and Dean,pool,,14,,none,swift,1.15,5.5,boulder,0,,,80,undercutBanks,,8061a1e1-404f-4593-858f-08cc4f724e10,6/18/2021 16:07,,6/18/2021 16:07,
255,f24a6867-2698-42d5-803f-adaa64e94d1d,6/18/2021 16:00,10:03,THB006,Charlie and Dean,cascade,,18.5,,none,swift,0.32,3.2,,0,,,80,whitewater,,8061a1e1-404f-4593-858f-08cc4f724e10,6/18/2021 16:07,,6/18/2021 16:07,
256,4ef0b0fd-dd97-4672-9561-03734ee7da50,6/18/2021 16:00,10:12,THB006,Charlie and Dean,pool,,25,,none,swift,0.39,4,bedrock,0,,,90,terrestrialVeg,,8061a1e1-404f-4593-858f-08cc4f724e10,6/18/2021 16:07,,6/18/2021 16:07,
257,d4e21933-8a86-45fb-8fb4-bbcfee2a866b,6/18/2021 16:00,10:16,THB006,Charlie and Dean,riffle,,52.5,,fast,swift,0.3,8.8,,2,,,90,"undercutBanks,largeWoodyDebris,terrestrialVeg,aquaticVeg",,8061a1e1-404f-4593-858f-08cc4f724e10,6/18/2021 16:07,,6/18/2021 16:07,
258,a5d7e3ac-9033-413b-93d7-1f73eef5f26a,6/18/2021 16:00,10:25,THB006,Charlie and Dean,pool,,56.5,,slow,swift,0.46,5.2,boulder,0,,,90,"undercutBanks,terrestrialVeg",,8061a1e1-404f-4593-858f-08cc4f724e10,6/18/2021 16:07,,6/18/2021 16:07,
259,66c70762-ef44-409a-8d7c-2109295d6fc6,6/18/2021 16:00,10:28,THB006,Charlie and Dean,run,,73,,none,swift,0.34,5,,1,,,90,"largeWoodyDebris,terrestrialVeg",,8061a1e1-404f-4593-858f-08cc4f724e10,6/18/2021 16:07,,6/18/2021 16:07,
260,16fa0d21-4994-4b61-ad10-79ea2b594c34,6/18/2021 16:00,10:32,THB006,Charlie and Dean,pool,,76.5,,none,swift,0.57,4,boulder,,,,90,None,,8061a1e1-404f-4593-858f-08cc4f724e10,6/18/2021 16:07,,6/18/2021 16:07,
261,6f2f395b-85f0-4c4e-a611-e5264e33a129,6/18/2021 16:00,10:34,THB006,Charlie and Dean,riffle,,100,,fast,swift,0.36,8,,1,,,90,"terrestrialVeg,aquaticVeg,undercutBanks,largeWoodyDebris",,8061a1e1-404f-4593-858f-08cc4f724e10,6/18/2021 16:07,,6/18/2021 16:07,
262,d35decfd-4510-404f-8546-0b428888c50b,6/18/2021 16:00,11:09,THB005,Dean and Charlie,run,,23.5,,fast,swift,0.23,5.2,,0,,,80,other,Cover = culvert,270ce47e-47f1-4f1e-89ad-bc2ae67a1849,6/18/2021 16:07,,6/18/2021 16:07,
263,45927c0e-4eba-403c-b090-59a31f86df23,6/18/2021 16:00,11:12,THB005,Dean and Charlie,pool,,27,,none,slow,0.46,4.2,artificial,0,,,20,terrestrialVeg,,270ce47e-47f1-4f1e-89ad-bc2ae67a1849,6/18/2021 16:07,,6/18/2021 16:07,
264,e44c4b6a-eec6-45ef-b495-4d5c90ad74e4,6/18/2021 16:00,11:15,THB005,Dean and Charlie,run,,86,,none,swift,0.35,2.5,,1,,,90,"terrestrialVeg,largeWoodyDebris,aquaticVeg",,270ce47e-47f1-4f1e-89ad-bc2ae67a1849,6/18/2021 16:07,,6/18/2021 16:07,
265,5821ba4a-0ec4-4653-9e38-409ee26c9373,6/18/2021 16:00,11:24,THB005,Dean and Charlie,pool,,90,,none,swift,0.66,3.6,meander,2,,,20,"largeWoodyDebris,undercutBanks,terrestrialVeg",,270ce47e-47f1-4f1e-89ad-bc2ae67a1849,6/18/2021 16:07,,6/18/2021 16:07,
266,8129b4e4-e85d-4cb2-b992-8d8d1451b5a4,6/18/2021 16:00,11:27,THB005,Dean and Charlie,run,,95,,fast,swift,0.55,4.2,,1,,,20,"undercutBanks,largeWoodyDebris,terrestrialVeg",,270ce47e-47f1-4f1e-89ad-bc2ae67a1849,6/18/2021 16:07,,6/18/2021 16:07,
267,525b43bc-93a3-4904-aac1-077052fffbef,6/18/2021 16:00,11:30,THB005,Dean and Charlie,pool,,100,,none,swift,0.66,3.5,meander,1,,,50,"largeWoodyDebris,terrestrialVeg",,270ce47e-47f1-4f1e-89ad-bc2ae67a1849,6/18/2021 16:07,,6/18/2021 16:07,
268,f02cc85b-5fa2-4999-8625-c326ff261da9,6/18/2021 16:00,11:03,POB003,"Annie, molly, Audrey ",run,,22.4,,none,swift,0.37,2.2,,4,sand,gravel,20,"terrestrialVeg,undercutBanks,largeWoodyDebris",,f7570a22-0eee-4a41-8672-1f68bf3d1a46,6/18/2021 16:13,,6/18/2021 16:13,
269,82027b05-872e-4961-a622-70199e35f04b,6/18/2021 16:00,11:10,POB003,"Annie, molly, Audrey ",run,,40,,fast,swift,0.2,2,,7,gravel,sand,20,"largeWoodyDebris,terrestrialVeg,aquaticVeg",,f7570a22-0eee-4a41-8672-1f68bf3d1a46,6/18/2021 16:13,,6/18/2021 16:13,
270,94674ee4-7c61-41a0-b367-6dc6a1f33bfb,6/18/2021 16:00,11:16,POB003,"Annie, molly, Audrey ",run,,42.5,,fast,swift,0.35,3.5,,2,sand,gravel,70,None,Splits into a small other channel but there is no flow. Shaped like a pool but fast enough to be a run.,f7570a22-0eee-4a41-8672-1f68bf3d1a46,6/18/2021 16:13,,6/18/2021 16:13,
271,ab0a31ce-6528-4733-837d-4db7f9311667,6/18/2021 16:00,11:20,POB003,"Annie, molly, Audrey ",run,,64,,none,swift,0.4,2.9,,2,gravel,gravel,50,"undercutBanks,terrestrialVeg,aquaticVeg",Mostly a run but a bit of a riffle at the end ,f7570a22-0eee-4a41-8672-1f68bf3d1a46,6/18/2021 16:13,,6/18/2021 16:13,
272,58b6c144-dc75-4fc0-8a92-7301f7ab7c14,6/18/2021 16:00,11:26,POB003,"Annie, molly, Audrey ",pool,,72.6,,none,swift,0.34,4.1,meander,3,gravel,gravel,60,"terrestrialVeg,aquaticVeg,largeWoodyDebris",Still fast but slower than the rest of the stream,f7570a22-0eee-4a41-8672-1f68bf3d1a46,6/18/2021 16:13,,6/18/2021 16:13,
273,c44de3f8-6457-420d-b44b-a6c9977ae174,6/18/2021 16:00,11:34,POB003,"Annie, molly, Audrey ",run,,89,,none,swift,0.43,1.6,,0,gravel,gravel,70,"aquaticVeg,terrestrialVeg",,f7570a22-0eee-4a41-8672-1f68bf3d1a46,6/18/2021 16:13,,6/18/2021 16:13,
274,3a090d93-4427-4475-a5d2-c20601702a6e,6/18/2021 16:00,11:38,POB003,"Annie, molly, Audrey ",run,,100,,fast,swift,0.3,1.5,,3,sand,gravel,90,"aquaticVeg,terrestrialVeg,largeWoodyDebris,undercutBanks",A lot of aquatic vegetation ,f7570a22-0eee-4a41-8672-1f68bf3d1a46,6/18/2021 16:13,,6/18/2021 16:13,
275,5bc98b5d-bd47-4ec2-8104-62dff6c68ac5,6/18/2021 16:00,13:43,MMB007.5,Annie and Audrey ,riffle,,4.1,,none,swift,0.25,3.5,,0,cobble,gravel,50,aquaticVeg,,057d33d1-0053-4c12-8a13-5342d2f8ba0a,6/18/2021 19:27,,6/18/2021 19:27,
276,c89a3e3e-a3a3-42d2-9d77-160145b6eafc,6/18/2021 16:00,13:47,MMB007.5,Annie and Audrey ,run,,28.5,,none,slow,0.47,5.5,,2,gravel,cobble,40,"terrestrialVeg,largeWoodyDebris",,057d33d1-0053-4c12-8a13-5342d2f8ba0a,6/18/2021 19:27,,6/18/2021 19:27,
277,f1c5e8f6-3900-4cf0-b5ce-611b2752d37d,6/18/2021 16:00,13:55,MMB007.5,Annie and Audrey ,pool,,40,,slow,slow,0.3,5.5,large woody debris,10,siltClay,gravel,70,aquaticVeg,More like a run towards the beginning but there is still a pool formed,057d33d1-0053-4c12-8a13-5342d2f8ba0a,6/18/2021 19:27,,6/18/2021 19:27,
278,019754ef-df3a-4c74-9575-6e18415a1628,6/18/2021 16:00,14:03,MMB007.5,Annie and Audrey ,run,,74,,slow,swift,0.41,5.3,,4,bedrock,siltClay,80,"undercutBanks,largeWoodyDebris,aquaticVeg,terrestrialVeg",Lots of sticks and leaves on the bottom ,057d33d1-0053-4c12-8a13-5342d2f8ba0a,6/18/2021 19:27,,6/18/2021 19:27,
279,b8f5fc3c-a71e-4353-a9b1-5e5ad515e4cf,6/18/2021 16:00,14:11,MMB007.5,Annie and Audrey ,pool,,86,,none,slow,0.55,11.8,large woody debris,15,siltClay,cobble,30,terrestrialVeg,,057d33d1-0053-4c12-8a13-5342d2f8ba0a,6/18/2021 19:27,,6/18/2021 19:27,
280,f4eb4be8-b333-44ac-b57c-a1d178ef911c,6/18/2021 16:00,14:18,MMB007.5,Annie and Audrey ,run,,100,,slow,slow,0.8,4,,15,gravel,siltClay,10,"terrestrialVeg,largeWoodyDebris,aquaticVeg","Very slow, almost like a pool but still flowing",057d33d1-0053-4c12-8a13-5342d2f8ba0a,6/18/2021 19:27,,6/18/2021 19:27,
281,984de778-fe75-4cbd-8a5e-c6cbee92ccb9,6/19/2021 16:00,9:44,PTB005,"Abby, Annie, Molly",run,,20,,none,slow,70,6,,15,siltClay,siltClay,80,"largeWoodyDebris,aquaticVeg,terrestrialVeg","Very slow. Dark, but there is a lot of woody debris.",68dd116e-7ace-4177-ac13-918d170f3677,6/19/2021 14:38,,6/19/2021 14:38,
282,f9ecbe6b-065c-4daa-9bfd-85d714083495,6/19/2021 16:00,9:58,PTB005,"Abby, Annie, Molly",run,,35,,none,slow,84,5,,15,siltClay,sand,80,"terrestrialVeg,aquaticVeg,largeWoodyDebris","Very slow. Dark, but lots of woody debris.",68dd116e-7ace-4177-ac13-918d170f3677,6/19/2021 14:38,,6/19/2021 14:38,
283,7801d431-aa68-4ed2-b88f-4191519c4bf9,6/19/2021 16:00,10:03,PTB005,"Abby, Annie, Molly",run,,53,,none,slow,56,5.5,,3,siltClay,sand,70,"largeWoodyDebris,aquaticVeg,terrestrialVeg","Very slow. Dark, but woody debris.",68dd116e-7ace-4177-ac13-918d170f3677,6/19/2021 14:38,,6/19/2021 14:38,
284,b450d28e-dd7f-45df-a324-aff7aae980e8,6/19/2021 16:00,10:08,PTB005,"Abby, Annie, Molly",run,,75,,none,slow,65,5.6,,15,siltClay,sand,70,"largeWoodyDebris,aquaticVeg,terrestrialVeg","Very slow. Dark, but woody debris.Leaves and sticks were above the river bottom, may have affected the maximum depth.",68dd116e-7ace-4177-ac13-918d170f3677,6/19/2021 14:38,,6/19/2021 14:38,
285,bfe6903f-5f13-4890-9e7c-f6e8c7475cb0,6/19/2021 16:00,10:13,PTB005,"Abby, Annie, Molly",run,,100,,none,slow,37,5.6,,5,siltClay,sand,60,"largeWoodyDebris,aquaticVeg,terrestrialVeg","Very slow. Dark, but woody debris.At the end, it became riffles with much more gravel and sand than the rest.",68dd116e-7ace-4177-ac13-918d170f3677,6/19/2021 14:38,,6/19/2021 14:38,
286,ff3fa17d-d9dc-451d-a7e5-c7a268654838,6/19/2021 16:00,10:48,PTB007,"Abby, Annie, Molly",run,,10,,none,slow,19,4.9,,1,gravel,cobble,0,"largeSubstrate,largeWoodyDebris,aquaticVeg,terrestrialVeg",Mixture of sand and gravel with cobble.,21bf7972-2c87-4274-856f-505b938e7990,6/19/2021 15:16,,6/19/2021 15:16,
287,5e611e2e-4756-441b-a848-50687267164d,6/19/2021 16:00,10:55,PTB007,"Abby, Annie, Molly",run,,60,,none,slow,26,5.4,,2,gravel,sand,50,"largeWoodyDebris,aquaticVeg,terrestrialVeg",,21bf7972-2c87-4274-856f-505b938e7990,6/19/2021 15:16,,6/19/2021 15:16,
288,ece8f291-922b-4074-8572-88fdc957fa9f,6/19/2021 16:00,11:00,PTB007,"Abby, Annie, Molly",run,,100,,none,slow,24,4.9,,3,gravel,sand,60,"largeWoodyDebris,aquaticVeg,terrestrialVeg",,21bf7972-2c87-4274-856f-505b938e7990,6/19/2021 15:16,,6/19/2021 15:16,
289,ffa66bc9-b74d-4bcb-82f8-59617b446a1b,6/19/2021 16:00,9:52,THB001,"Annie Tucker, Sylvia Bousquet, Kate Roosa, Evan Foster",run,,39.5,,none,swift,0.31,1.8,,4,sand,siltClay,40,"largeWoodyDebris,undercutBanks,terrestrialVeg",,47c29a24-3e47-4d7f-8b99-9c9bcd574959,6/19/2021 15:19,,6/19/2021 15:19,
290,6fe10dee-fd05-4c60-b7a9-4c9797dafc5d,6/19/2021 16:00,10:08,THB001,"Annie Tucker, Sylvia Bousquet, Kate Roosa, Evan Foster",run,,52,,none,swift,0.19,1.8,,3,gravel,sand,20,"undercutBanks,largeWoodyDebris,terrestrialVeg",,47c29a24-3e47-4d7f-8b99-9c9bcd574959,6/19/2021 15:19,,6/19/2021 15:19,
291,aaac8de2-4335-4c27-ac95-26deafd02320,6/19/2021 16:00,10:13,THB001,"Annie Tucker, Sylvia Bousquet, Kate Roosa, Evan Foster",riffle,,57,,none,swift,0.18,2.3,,6,gravel,cobble,10,"largeWoodyDebris,undercutBanks,terrestrialVeg,largeSubstrate",,47c29a24-3e47-4d7f-8b99-9c9bcd574959,6/19/2021 15:19,,6/19/2021 15:19,
292,5895e2eb-a05f-4190-b7c0-61f1d3f28c08,6/19/2021 16:00,10:24,THB001,"Annie Tucker, Sylvia Bousquet, Kate Roosa, Evan Foster",run,,63,,none,slow,0.5,1.5,,0,siltClay,sand,100,other,Culvert,47c29a24-3e47-4d7f-8b99-9c9bcd574959,6/19/2021 15:19,,6/19/2021 15:19,
293,5108ae12-d3b5-4a34-83ca-1b878f1d17ae,6/19/2021 16:00,10:32,THB001,"Annie Tucker, Sylvia Bousquet, Kate Roosa, Evan Foster",pool,,65.7,,none,slow,0.17,2.4,culvert,0,siltClay,sand,70,"undercutBanks,terrestrialVeg",,47c29a24-3e47-4d7f-8b99-9c9bcd574959,6/19/2021 15:19,,6/19/2021 15:19,
294,018bcdbf-1fcb-4d51-8a24-a5545edc0105,6/19/2021 16:00,10:39,THB001,"Annie Tucker, Sylvia Bousquet, Kate Roosa, Evan Foster",riffle,,74,,none,swift,0.09,1.2,,0,gravel,sand,80,None,,47c29a24-3e47-4d7f-8b99-9c9bcd574959,6/19/2021 15:19,,6/19/2021 15:19,
295,7a380d10-3f28-4e34-94aa-a4abcd253444,6/19/2021 16:00,10:43,THB001,"Annie Tucker, Sylvia Bousquet, Kate Roosa, Evan Foster",run,,89.1,,none,swift,0.19,1.7,,1,sand,siltClay,90,"undercutBanks,terrestrialVeg",,47c29a24-3e47-4d7f-8b99-9c9bcd574959,6/19/2021 15:19,,6/19/2021 15:19,
296,959e9a85-bcbe-412d-846e-511bc0217c99,6/19/2021 16:00,10:47,THB001,"Annie Tucker, Sylvia Bousquet, Kate Roosa, Evan Foster",pool,,100,,none,slow,0.55,2.6,meander,6,sand,siltClay,20,"undercutBanks,largeWoodyDebris,terrestrialVeg",There is a pile up of small logs and leaves at the end.,47c29a24-3e47-4d7f-8b99-9c9bcd574959,6/19/2021 15:19,,6/19/2021 15:19,
297,fca78777-63f2-4890-b756-be4ecf5fb098,6/19/2021 16:00,11:28,THBT01,"Annie, Sylvie, Kate and Evan",run,,24.5,,none,swift,0.16,0.9,,0,sand,siltClay,20,"terrestrialVeg,undercutBanks,largeWoodyDebris",,c9bbdd39-3b21-42cf-b4b5-cce5340ee6b8,6/19/2021 16:11,,6/19/2021 16:11,
298,dab7ee3d-2318-4c20-8f8f-abc67d3ef180,6/19/2021 16:00,11:33,THBT01,"Annie, Sylvie, Kate and Evan",pool,,26,,none,slow,0.35,1.1,large woody debris,1,sand,siltClay,80,largeWoodyDebris,,c9bbdd39-3b21-42cf-b4b5-cce5340ee6b8,6/19/2021 16:11,,6/19/2021 16:11,
299,126d6bc9-e127-411f-825e-2fdb8442fcd5,6/19/2021 16:00,11:37,THBT01,"Annie, Sylvie, Kate and Evan",riffle,,35.5,,none,swift,0.09,0.85,,6,sand,siltClay,40,"largeWoodyDebris,terrestrialVeg",,c9bbdd39-3b21-42cf-b4b5-cce5340ee6b8,6/19/2021 16:11,,6/19/2021 16:11,
300,513ef1c2-eeee-4795-9c4c-c7901b08f44b,6/19/2021 16:00,11:42,THBT01,"Annie, Sylvie, Kate and Evan",run,,47,,none,swift,0.1,0.7,,3,sand,gravel,30,"largeWoodyDebris,terrestrialVeg",,c9bbdd39-3b21-42cf-b4b5-cce5340ee6b8,6/19/2021 16:11,,6/19/2021 16:11,
301,089ebcbc-3a3d-42ab-a6a0-e838043f8942,6/19/2021 16:00,11:46,THBT01,"Annie, Sylvie, Kate and Evan",pool,,47.5,,none,slow,0.33,1.1,large woody debris,1,sand,gravel,10,"undercutBanks,largeWoodyDebris",,c9bbdd39-3b21-42cf-b4b5-cce5340ee6b8,6/19/2021 16:11,,6/19/2021 16:11,
302,48bddd46-ce6a-404a-8f61-bb5db5c51df7,6/19/2021 16:00,11:49,THBT01,"Annie, Sylvie, Kate and Evan",run,,96.5,,none,swift,0.09,0.75,,2,sand,gravel,30,"largeWoodyDebris,terrestrialVeg",93 to 95 is a small riffle but not different enough to classify as a new a habitat unit. ,c9bbdd39-3b21-42cf-b4b5-cce5340ee6b8,6/19/2021 16:11,,6/19/2021 16:11,
303,b0a25a4c-7a61-48e5-855a-6340c9b02f45,6/19/2021 16:00,11:56,THBT01,"Annie, Sylvie, Kate and Evan",cascade,,100,,none,swift,0.18,0.9,,0,sand,gravel,90,None,,c9bbdd39-3b21-42cf-b4b5-cce5340ee6b8,6/19/2021 16:11,,6/19/2021 16:11,
304,875da3d2-93ed-4d8e-8d9a-7956fdb6630e,6/21/2021 16:00,9:46,MLB005,Mike and Ronda Yeomans,glide,,18,,none,slow,0.34,3.5,,4,,,90,"largeWoodyDebris,terrestrialVeg",Heron in stream,3c0096fb-edff-42b1-86b6-6d3d60d98df2,6/21/2021 15:13,,6/21/2021 15:13,
305,ae6245f4-054e-4833-ad34-722159ab9658,6/21/2021 16:00,9:49,MLB005,Mike and Ronda Yeomans,pool,,38,,none,slow,0.4,4,beaver,2,cobble,,75,"largeWoodyDebris,terrestrialVeg",,3c0096fb-edff-42b1-86b6-6d3d60d98df2,6/21/2021 15:13,,6/21/2021 15:13,
306,2720079a-bea4-4055-ab28-a062eb42cc94,6/21/2021 16:00,9:52,MLB005,Mike and Ronda Yeomans,riffle,,86,,none,swift,0.23,2.5,,20,,,70,"largeSubstrate,largeWoodyDebris,terrestrialVeg",,3c0096fb-edff-42b1-86b6-6d3d60d98df2,6/21/2021 15:13,,6/21/2021 15:13,
307,e021f633-eef1-436b-a3b7-e64243cd182a,6/21/2021 16:00,9:57,MLB005,Mike and Ronda Yeomans,glide,,94,,none,slow,0.38,3,,3,,,80,"largeSubstrate,largeWoodyDebris,terrestrialVeg",,3c0096fb-edff-42b1-86b6-6d3d60d98df2,6/21/2021 15:13,,6/21/2021 15:13,
308,1fe067f0-5b0d-46a0-8ce9-5c927150fac7,6/21/2021 16:00,10:05,MLB005,Mike and Ronda Yeomans,riffle,,100,,none,swift,0.19,2.5,,1,,,80,"largeSubstrate,largeWoodyDebris,terrestrialVeg",,3c0096fb-edff-42b1-86b6-6d3d60d98df2,6/21/2021 15:13,,6/21/2021 15:13,
309,36e484f1-f2bd-4eaf-86e1-97707dcfc088,6/21/2021 16:00,10:37,MLB001,Mike and Ronda Yeomans,glide,,11,,none,slow,0.18,1.5,,3,,,90,"largeSubstrate,largeWoodyDebris,terrestrialVeg",,56f304b4-5712-4958-8f18-2eea1cda1ab3,6/21/2021 15:14,,6/21/2021 15:14,
310,865ecf78-0cc5-4b0f-8e30-1d046ba14dde,6/21/2021 16:00,10:39,MLB001,Mike and Ronda Yeomans,riffle,,22,,none,swift,0.17,1,,5,,,80,"largeSubstrate,largeWoodyDebris,terrestrialVeg",,56f304b4-5712-4958-8f18-2eea1cda1ab3,6/21/2021 15:14,,6/21/2021 15:14,
311,95c00c45-7116-419f-81c8-fbc1337aee20,6/21/2021 16:00,10:42,MLB001,Mike and Ronda Yeomans,pool,,34,,none,slow,0.22,3,boulder,3,,,50,"largeWoodyDebris,terrestrialVeg",,56f304b4-5712-4958-8f18-2eea1cda1ab3,6/21/2021 15:14,,6/21/2021 15:14,
312,f42be855-d30f-4d76-a10a-1b618fdbb185,6/21/2021 16:00,10:49,MLB001,Mike and Ronda Yeomans,glide,,68,,none,slow,0.22,1,,8,,,50,"undercutBanks,largeWoodyDebris,aquaticVeg,terrestrialVeg",,56f304b4-5712-4958-8f18-2eea1cda1ab3,6/21/2021 15:14,,6/21/2021 15:14,
313,baf1b108-6b89-4a90-bbbf-08a3a18f2919,6/21/2021 16:00,10:55,MLB001,Mike and Ronda Yeomans,riffle,,77,,none,swift,0.08,1.5,,10,,,60,"largeWoodyDebris,terrestrialVeg",,56f304b4-5712-4958-8f18-2eea1cda1ab3,6/21/2021 15:14,,6/21/2021 15:14,
314,a6e060f2-f184-40d5-aed4-6ecf6d0cdf54,6/21/2021 16:00,10:56,MLB001,Mike and Ronda Yeomans,glide,,100,,none,slow,0.19,2.75,,5,,,70,"largeSubstrate,largeWoodyDebris,terrestrialVeg",Saw several small fish (2inch length) of unknown species ,56f304b4-5712-4958-8f18-2eea1cda1ab3,6/21/2021 15:14,,6/21/2021 15:14,
315,e8f7571b-394a-4ee2-a66b-4e1a51e18464,6/21/2021 16:00,10:34,PUB005,"D. Devine, M. Green",run,,4,,none,swift,0.36,2.4,,,,,90,undercutBanks,Temp logger,a88121bd-39fe-4963-bff3-9b038eab90d5,6/21/2021 15:32,,6/21/2021 15:32,
316,b35a7420-b41a-4d8d-b45e-24117304b405,6/21/2021 16:00,10:53,PUB005,"D. Devine, M. Green",riffle,,12.5,,none,swift,0.22,1.8,,,,,90,undercutBanks,,a88121bd-39fe-4963-bff3-9b038eab90d5,6/21/2021 15:32,,6/21/2021 15:32,
317,2e434865-4455-44ee-9c74-efd8924789e9,6/21/2021 16:00,10:55,PUB005,"D. Devine, M. Green",run,,21.3,,none,swift,0.45,2.4,,,,,80,undercutBanks,Tree root cover,a88121bd-39fe-4963-bff3-9b038eab90d5,6/21/2021 15:32,,6/21/2021 15:32,
318,b5e747c7-4181-4f86-aa73-26bb688a5313,6/21/2021 16:00,10:58,PUB005,"D. Devine, M. Green",riffle,,28.1,,none,swift,0.3,2.6,,,,,70,None,Some bank erosion ,a88121bd-39fe-4963-bff3-9b038eab90d5,6/21/2021 15:32,,6/21/2021 15:32,
319,e94ca7bb-f4b2-498b-8620-bde960559fff,6/21/2021 16:00,11:02,PUB005,"D. Devine, M. Green",run,,38.7,,none,swift,0.45,2.9,,,,,80,largeWoodyDebris,,a88121bd-39fe-4963-bff3-9b038eab90d5,6/21/2021 15:32,,6/21/2021 15:32,
320,1b23a32e-466d-458c-a374-3ec846046ba7,6/21/2021 16:00,11:07,PUB005,"D. Devine, M. Green",riffle,,61,,fast,swift,0.15,4,,,,,50,"undercutBanks,largeWoodyDebris","Fry spotted, maybe trout?",a88121bd-39fe-4963-bff3-9b038eab90d5,6/21/2021 15:32,,6/21/2021 15:32,
321,d6da4e81-0825-424a-944e-a689deefd73f,6/21/2021 16:00,11:10,PUB005,"D. Devine, M. Green",glide,,66,,none,slow,0.16,3.9,,,,,70,"largeWoodyDebris,undercutBanks","Fry, trash",a88121bd-39fe-4963-bff3-9b038eab90d5,6/21/2021 15:32,,6/21/2021 15:32,
322,7e7871cf-eb55-4f63-bdfe-b3fca8ede1c9,6/21/2021 16:00,11:14,PUB005,"D. Devine, M. Green",pool,,72.2,,none,standing,0.5,4.4,,,,,70,"terrestrialVeg,largeWoodyDebris",Fry ,a88121bd-39fe-4963-bff3-9b038eab90d5,6/21/2021 15:32,,6/21/2021 15:32,
323,5be67c93-27a9-479c-8767-4fe1c0aab4fe,6/21/2021 16:00,11:17,PUB005,"D. Devine, M. Green",glide,,85,,none,slow,0.29,5.1,,,,,50,"largeWoodyDebris,undercutBanks,terrestrialVeg",,a88121bd-39fe-4963-bff3-9b038eab90d5,6/21/2021 15:32,,6/21/2021 15:32,
324,8fab8337-10ae-4e1b-a2c1-14cdb5ac3af3,6/21/2021 16:00,11:21,PUB005,"D. Devine, M. Green",pool,,91,,none,slow,0.57,6,,,,,80,"largeWoodyDebris,undercutBanks",,a88121bd-39fe-4963-bff3-9b038eab90d5,6/21/2021 15:32,,6/21/2021 15:32,
325,7db3cb93-2921-4b25-bd6a-fc177a24b71a,6/21/2021 16:00,11:27,PUB005,"D. Devine, M. Green",riffle,,100,,fast,swift,0.14,3.5,,,,,80,"largeWoodyDebris,terrestrialVeg",Large outfall upstream,a88121bd-39fe-4963-bff3-9b038eab90d5,6/21/2021 15:32,,6/21/2021 15:32,
326,20e06b3e-a339-45ed-b928-856d5b5516a9,6/21/2021 16:00,9:54,BEB001,Alex and Audrey,riffle,,15.5,,none,slow,0.27,4,,4,cobble,siltClay,90,"aquaticVeg,terrestrialVeg,undercutBanks",,7d6338e4-c637-48d0-9971-db07498c8da8,6/21/2021 15:46,,6/21/2021 15:46,
327,d3cb6c3b-292c-4ebe-a335-c563ca4a339a,6/21/2021 16:00,10:52,BEB001,Alex and Audrey,riffle,,29,,none,slow,0.16,3,,3,siltClay,gravel,50,"undercutBanks,largeWoodyDebris,aquaticVeg,terrestrialVeg",,7d6338e4-c637-48d0-9971-db07498c8da8,6/21/2021 15:46,,6/21/2021 15:46,
328,3e189a1e-908f-442b-970e-dc17fb286fdd,6/21/2021 16:00,10:56,BEB001,Alex and Audrey,glide,,45.7,,slow,slow,0.18,3,,3,siltClay,gravel,20,"undercutBanks,aquaticVeg,terrestrialVeg",,7d6338e4-c637-48d0-9971-db07498c8da8,6/21/2021 15:46,,6/21/2021 15:46,
329,909eabfd-b113-4bef-99af-96e351f6daa0,6/21/2021 16:00,11:00,BEB001,Alex and Audrey,pool,,75,,slow,slow,0.19,3,boulder,3,siltClay,sand,70,"aquaticVeg,terrestrialVeg,undercutBanks,largeWoodyDebris",,7d6338e4-c637-48d0-9971-db07498c8da8,6/21/2021 15:46,,6/21/2021 15:46,
330,8ce7a9f1-5e4d-4764-8e74-f6f3b7969c8e,6/21/2021 16:00,11:07,BEB001,Alex and Audrey,riffle,,78.5,,none,slow,0.1,4,,5,siltClay,sand,100,"largeWoodyDebris,aquaticVeg,terrestrialVeg",,7d6338e4-c637-48d0-9971-db07498c8da8,6/21/2021 15:46,,6/21/2021 15:46,
331,6a5348f3-16b5-4099-80ba-b8fbf16b30eb,6/21/2021 16:00,11:09,BEB001,Alex and Audrey,glide,,100,,slow,slow,0.11,2.5,,3,siltClay,gravel,70,"undercutBanks,largeWoodyDebris,aquaticVeg,terrestrialVeg",Small minnows present,7d6338e4-c637-48d0-9971-db07498c8da8,6/21/2021 15:46,,6/21/2021 15:46,
332,574ec974-bf2a-4a4b-b6d0-ec1ceef94b0b,6/21/2021 16:00,9:35,PTB005,Charlie and Dean,glide,,25,,none,slow,0.36,5.9,,1,gravel,siltClay,90,"aquaticVeg,terrestrialVeg,largeWoodyDebris",,f67780ea-fcd3-4d3e-9de2-b2cb7644667d,6/21/2021 17:39,,6/21/2021 17:39,
333,4b82aacc-4912-4f50-b74d-8234670ac4d7,6/21/2021 16:00,9:39,PTB005,Charlie and Dean,riffle,,38.5,,none,swift,0.19,3.5,,2,,,90,"largeWoodyDebris,aquaticVeg,terrestrialVeg",,f67780ea-fcd3-4d3e-9de2-b2cb7644667d,6/21/2021 17:39,,6/21/2021 17:39,
334,4fd7a603-b721-4b63-b246-d486964047bf,6/21/2021 16:00,9:43,PTB005,Charlie and Dean,pool,,46.5,,none,swift,0.93,6.5,artificial,0,,,90,terrestrialVeg,,f67780ea-fcd3-4d3e-9de2-b2cb7644667d,6/21/2021 17:39,,6/21/2021 17:39,
335,a7767db4-8d70-4c27-8cf0-79c590448303,6/21/2021 16:00,9:50,PTB005,Charlie and Dean,riffle,,71.5,,fast,swift,0.41,4.8,,5,,,70,"largeWoodyDebris,terrestrialVeg",,f67780ea-fcd3-4d3e-9de2-b2cb7644667d,6/21/2021 17:39,,6/21/2021 17:39,
336,64d369b9-b2a1-4846-b023-b78640e7799d,6/21/2021 16:00,10:00,PTB005,Charlie and Dean,run,,92,,none,slow,0.28,4.6,,2,,,80,"largeWoodyDebris,terrestrialVeg",,f67780ea-fcd3-4d3e-9de2-b2cb7644667d,6/21/2021 17:39,,6/21/2021 17:39,
337,9ffb634f-6f7c-4412-8a38-abb0bcf65cbc,6/21/2021 16:00,10:03,PTB005,Charlie and Dean,pool,,100,,none,swift,0.32,6,artificial,0,,,95,terrestrialVeg,,f67780ea-fcd3-4d3e-9de2-b2cb7644667d,6/21/2021 17:39,,6/21/2021 17:39,
338,5d006aa4-28c0-4d9f-a365-e3a9bd3d3e43,6/21/2021 16:00,10:57,PTB001,Charlie and Dean,run,,100,,none,swift,0.41,2,,3,,,95,"undercutBanks,largeWoodyDebris,terrestrialVeg,aquaticVeg",,f1ed9de5-8e7c-4ef4-9660-b78a8f466b39,6/21/2021 17:39,,6/21/2021 17:39,
339,5e112c08-9ba2-4e83-bb6a-af6f1482db2a,6/21/2021 16:00,12:32,BEB005,Audrey and Alex,run,,30,,none,swift,0.39,1.5,,1,boulder,cobble,80,"terrestrialVeg,aquaticVeg","End position sus, in middle of tunnel",43743fce-a2a7-455a-b5b9-6e96c9f83f5d,6/21/2021 18:11,,6/21/2021 18:11,
340,34aed311-1938-47bb-95d6-5caf606328d3,6/21/2021 16:00,12:39,BEB005,Audrey and Alex,riffle,,43,,none,swift,0.28,3,,2,cobble,boulder,80,"terrestrialVeg,aquaticVeg,largeWoodyDebris",,43743fce-a2a7-455a-b5b9-6e96c9f83f5d,6/21/2021 18:11,,6/21/2021 18:11,
341,44886086-c488-4a39-956f-90c89ff4d904,6/21/2021 16:00,12:43,BEB005,Audrey and Alex,glide,,50.3,,none,slow,0.45,6,,3,siltClay,sand,75,terrestrialVeg,Tire in middle of pool. ,43743fce-a2a7-455a-b5b9-6e96c9f83f5d,6/21/2021 18:11,,6/21/2021 18:11,
342,2b2ab946-f712-4f2c-a4d7-99d8b368b8aa,6/21/2021 16:00,12:50,BEB005,Audrey and Alex,glide,,74,,none,slow,0.6,3.5,,2,siltClay,sand,90,"terrestrialVeg,undercutBanks",,43743fce-a2a7-455a-b5b9-6e96c9f83f5d,6/21/2021 18:11,,6/21/2021 18:11,
343,1a474bd4-4835-4865-a4db-beee3c9cad48,6/21/2021 16:00,12:56,BEB005,Audrey and Alex,glide,,100,,none,slow,0.7,3.2,,3,siltClay,sand,50,"aquaticVeg,terrestrialVeg,largeWoodyDebris",,43743fce-a2a7-455a-b5b9-6e96c9f83f5d,6/21/2021 18:11,,6/21/2021 18:11,
344,b983d620-1739-4880-9bcd-3b9f2ea4b145,6/22/2021 16:00,9:49,GEB003,Audrey and Alex,riffle,,6.8,,none,swift,0.1,5.4,,,cobble,sand,90,terrestrialVeg,,78320e10-8c65-4cdc-b04b-b6edd4989c72,6/22/2021 15:30,,6/22/2021 15:30,
345,78ceef35-de76-4165-ab06-3c6c1747c59e,6/22/2021 16:00,10:04,GEB003,Audrey and Alex,glide,,35.6,,none,slow,0.33,2.3,,,cobble,gravel,80,"aquaticVeg,terrestrialVeg",,78320e10-8c65-4cdc-b04b-b6edd4989c72,6/22/2021 15:30,,6/22/2021 15:30,
346,4e19c824-b4ae-4a3e-9de8-189f679d4ab6,6/22/2021 16:00,10:13,GEB003,Audrey and Alex,riffle,,35.8,,none,swift,0.27,2.2,,,cobble,gravel,80,None,Should redefine HU to 33 to 44m,78320e10-8c65-4cdc-b04b-b6edd4989c72,6/22/2021 15:30,,6/22/2021 15:30,
347,a2f83730-bc4b-4286-8b7b-c70bb13251af,6/22/2021 16:00,10:26,GEB003,Audrey and Alex,riffle,,39.8,,none,swift,0.22,2,,,cobble,gravel,80,aquaticVeg,,78320e10-8c65-4cdc-b04b-b6edd4989c72,6/22/2021 15:30,,6/22/2021 15:30,
348,7e7cf745-90d1-4ab5-b714-9088bf9e0ae4,6/22/2021 16:00,10:27,GEB003,Audrey and Alex,riffle,,66.7,,none,swift,0.29,2.7,,,cobble,gravel,85,"terrestrialVeg,aquaticVeg,largeSubstrate",Bubbling Brook. At 66.7 large fallen log,78320e10-8c65-4cdc-b04b-b6edd4989c72,6/22/2021 15:30,,6/22/2021 15:30,
349,d2b07cc3-cf3f-4f66-932b-31f123c7175c,6/22/2021 16:00,10:36,GEB003,Audrey and Alex,glide,,73.5,,none,slow,0.46,3.3,,3,sand,cobble,70,terrestrialVeg,Downstream end defined by trunks in water,78320e10-8c65-4cdc-b04b-b6edd4989c72,6/22/2021 15:30,,6/22/2021 15:30,
350,29ff198b-254b-45db-a3af-2afa987b7f1e,6/22/2021 16:00,10:44,GEB003,Audrey and Alex,glide,,100,,none,slow,0.27,2.7,,4,sand,gravel,90,None,Glides broken by 2 logs and a riffle ,78320e10-8c65-4cdc-b04b-b6edd4989c72,6/22/2021 15:30,,6/22/2021 15:30,
351,5df998cb-ddbf-4e69-b9f1-fae41a897ee4,6/22/2021 16:00,11:05,GEB001,Charlie and Mitchell,run,,100,,none,slow,0.2,1.5,,15,siltClay,siltClay,50,"largeWoodyDebris,undercutBanks,aquaticVeg,terrestrialVeg",,994d7588-fcf9-4322-a892-7ea9f1799607,6/22/2021 15:32,,6/22/2021 15:32,
352,5398e885-0d5f-4e22-9d40-efaf6528947c,6/22/2021 16:00,12:10,PUB004,Alex and Audrey ,riffle,,6.8,,none,swift,0.18,1.9,,,gravel,sand,20,"aquaticVeg,terrestrialVeg,undercutBanks",Concrete tube is present on right side facing upstream,c8922c68-633b-4f70-adaf-f017ea165839,6/22/2021 17:18,,6/22/2021 17:18,
353,01c9c704-de1a-422e-b84f-3f7c913cc0eb,6/22/2021 16:00,12:13,PUB004,Alex and Audrey ,glide,,35.6,,none,slow,0.27,2.8,,5,siltClay,sand,60,"terrestrialVeg,undercutBanks,largeWoodyDebris",Rivlet on right side facing upstream ,c8922c68-633b-4f70-adaf-f017ea165839,6/22/2021 17:18,,6/22/2021 17:18,
354,16d35bb3-601f-4a07-9bd2-b099797836c2,6/22/2021 16:00,12:18,PUB004,Alex and Audrey ,pool,,35.8,,none,slow,0.38,3.6,boulder,,siltClay,sand,100,"undercutBanks,terrestrialVeg",Semicircle of boulders to form pool,c8922c68-633b-4f70-adaf-f017ea165839,6/22/2021 17:18,,6/22/2021 17:18,
355,9b64c66f-2dae-48ff-93c2-53c95c584a96,6/22/2021 16:00,12:22,PUB004,Alex and Audrey ,riffle,,39.8,,none,swift,0.16,2.4,,,boulder,sand,90,None,,c8922c68-633b-4f70-adaf-f017ea165839,6/22/2021 17:18,,6/22/2021 17:18,
356,369e9a74-19f7-42cc-8d74-8a88b50214ad,6/22/2021 16:00,12:30,PUB004,Alex and Audrey ,run,,66.7,,none,swift,0.22,2.9,,,gravel,sand,50,"terrestrialVeg,aquaticVeg",,c8922c68-633b-4f70-adaf-f017ea165839,6/22/2021 17:18,,6/22/2021 17:18,
357,2011151e-2744-4e1c-a5b2-254e5302c1b5,6/22/2021 16:00,12:32,PUB004,Alex and Audrey ,glide,,73.5,,none,slow,0.19,4,,,gravel,sand,50,terrestrialVeg,,c8922c68-633b-4f70-adaf-f017ea165839,6/22/2021 17:18,,6/22/2021 17:18,
358,1318de09-843d-4548-8418-f9bcd6f29c44,6/22/2021 16:00,12:34,PUB004,Alex and Audrey ,glide,,100,,none,slow,0.27,3.5,,,siltClay,gravel,50,"terrestrialVeg,undercutBanks","Man made dam makes pool, end of upstream narrows into smaller size. Endpoint near backyard ",c8922c68-633b-4f70-adaf-f017ea165839,6/22/2021 17:18,,6/22/2021 17:18,
359,0809056d-be55-4f52-8894-826234fc6657,6/22/2021 16:00,12:44,GEB002,Charlie and Mitchell,glide,,17.6,,none,slow,0.48,2.7,,7,gravel,siltClay,80,"largeWoodyDebris,terrestrialVeg",,91913aa5-16b8-4c57-8aca-f877cecca0c8,6/22/2021 18:36,,6/22/2021 18:36,
360,8621cd72-51f4-44e3-b0a1-5d3de60feeaa,6/22/2021 16:00,12:47,GEB002,Charlie and Mitchell,riffle,,23,,none,swift,0.23,2.7,,1,cobble,siltClay,30,"largeWoodyDebris,terrestrialVeg",,91913aa5-16b8-4c57-8aca-f877cecca0c8,6/22/2021 18:36,,6/22/2021 18:36,
361,83a8d76f-cb46-4e1f-9e26-0e42dd7b98d4,6/22/2021 16:00,12:49,GEB002,Charlie and Mitchell,run,,27,,none,swift,0.49,3.2,,2,cobble,siltClay,40,"largeWoodyDebris,terrestrialVeg",,91913aa5-16b8-4c57-8aca-f877cecca0c8,6/22/2021 18:36,,6/22/2021 18:36,
362,69e27f4c-852a-45de-b004-8ca0b89b281d,6/22/2021 16:00,12:53,GEB002,Charlie and Mitchell,riffle,,37.5,,none,swift,0.15,2.8,,0,cobble,siltClay,20,terrestrialVeg,,91913aa5-16b8-4c57-8aca-f877cecca0c8,6/22/2021 18:36,,6/22/2021 18:36,
363,34e50232-3702-4867-af98-7dc826ba3eda,6/22/2021 16:00,12:55,GEB002,Charlie and Mitchell,run,,64,,none,swift,0.46,3.6,,3,cobble,siltClay,40,"largeWoodyDebris,terrestrialVeg",,91913aa5-16b8-4c57-8aca-f877cecca0c8,6/22/2021 18:36,,6/22/2021 18:36,
364,dbef9595-ce20-4f43-9b84-3cd1b126484a,6/22/2021 16:00,13:01,GEB002,Charlie and Mitchell,riffle,,82,,none,swift,0.18,3.8,,3,gravel,siltClay,90,"terrestrialVeg,largeWoodyDebris",,91913aa5-16b8-4c57-8aca-f877cecca0c8,6/22/2021 18:36,,6/22/2021 18:36,
365,3c240394-0c3f-41e2-b262-0e55cb99822a,6/22/2021 16:00,13:09,GEB002,Charlie and Mitchell,run,,100,,none,swift,0.27,2.6,,5,siltClay,gravel,30,"largeWoodyDebris,terrestrialVeg",Ends at storm drain,91913aa5-16b8-4c57-8aca-f877cecca0c8,6/22/2021 18:36,,6/22/2021 18:36,
366,bed47c49-62d3-4f21-90b5-6e4d291c4dde,6/21/2021 16:00,13:21,POB006,D. Devine M. green,pool,,15.5,,none,slow,0.58,4.7,,,,,0,"terrestrialVeg,aquaticVeg",,2aede6dc-dd9f-404f-822d-b3e07f601341,6/22/2021 18:39,,6/22/2021 18:39,
367,d48fcb52-38d2-405f-8f04-9be6c8c3edca,6/21/2021 16:00,13:26,POB006,D. Devine M. green,pool,,40,,none,slow,0.59,5.9,,,,,30,terrestrialVeg,"Fish, variable width, lots of dog wood offering cover over banks",2aede6dc-dd9f-404f-822d-b3e07f601341,6/22/2021 18:39,,6/22/2021 18:39,
368,e25f610a-f8e4-438b-8b8c-cfd26b76d88a,6/21/2021 16:00,13:33,POB006,D. Devine M. green,pool,,52,,none,slow,1,5.2,,,,,10,"terrestrialVeg,aquaticVeg",Fish,2aede6dc-dd9f-404f-822d-b3e07f601341,6/22/2021 18:39,,6/22/2021 18:39,
369,8316457f-efc9-4c7a-ac11-2e7f0bf93521,6/21/2021 16:00,13:48,POB006,D. Devine M. green,pool,,70,,none,slow,0.66,4.3,,,,,10,"terrestrialVeg,aquaticVeg",Variable width,2aede6dc-dd9f-404f-822d-b3e07f601341,6/22/2021 18:39,,6/22/2021 18:39,
370,a3176f01-590d-421e-adcf-1d7a29b65553,6/21/2021 16:00,13:57,POB006,D. Devine M. green,pool,,83,,none,slow,0.59,5.2,,,,,30,"aquaticVeg,terrestrialVeg",,2aede6dc-dd9f-404f-822d-b3e07f601341,6/22/2021 18:39,,6/22/2021 18:39,
371,82cdf8da-4b07-489d-9b4e-3d9ce487dc9e,6/21/2021 16:00,14:00,POB006,D. Devine M. green,pool,,100,,none,slow,0.42,4.4,,,,,30,"aquaticVeg,terrestrialVeg",,2aede6dc-dd9f-404f-822d-b3e07f601341,6/22/2021 18:39,,6/22/2021 18:39,
372,82edda8b-c4b5-4199-a884-a8f8261c7f53,6/22/2021 16:00,14:20,GEB003,Audrey and Alex.,riffle,,6.8,,none,swift,0.1,5.4,,,cobble,sand,90,terrestrialVeg,,58decefb-e326-40bc-ac4b-6fc1f4cba113,6/22/2021 18:39,,6/25/2021 19:46,neponset
373,1d189b40-a6ec-4b23-9d0d-765657cd8a8f,6/22/2021 16:00,14:21,GEB003,Audrey and Alex,glide,,33,,none,slow,0.33,2.3,,,cobble,gravel,80,"aquaticVeg,terrestrialVeg",,58decefb-e326-40bc-ac4b-6fc1f4cba113,6/22/2021 18:39,,6/22/2021 18:39,
374,2ecd0ec1-2f14-4b88-b01c-0bf2e8d03f6b,6/22/2021 16:00,14:22,GEB003,Audrey and Alex,riffle,,44,,none,swift,0.27,2.2,,,cobble,gravel,80,None,,58decefb-e326-40bc-ac4b-6fc1f4cba113,6/22/2021 18:39,,6/22/2021 18:39,
375,46a793c2-f6a6-4ff3-a3ca-0aa97999eee4,6/22/2021 16:00,14:23,GEB003,Audrey and Alex,pool,,49,,none,swift,0.22,2,meander,,cobble,gravel,80,aquaticVeg,,58decefb-e326-40bc-ac4b-6fc1f4cba113,6/22/2021 18:39,,6/22/2021 18:39,
376,8440d198-c4f0-418f-9bbd-bd8d4fb10b90,6/22/2021 16:00,14:30,GEB003,Audrey and Alex,riffle,,66.7,,none,swift,0.29,2.7,,,cobble,gravel,85,"largeSubstrate,aquaticVeg,terrestrialVeg",,58decefb-e326-40bc-ac4b-6fc1f4cba113,6/22/2021 18:39,,6/22/2021 18:39,
377,47635184-ce5b-43df-a0e2-7f377b3ac462,6/22/2021 16:00,14:31,GEB003,Audrey and Alex,glide,,73.5,,none,slow,0.46,3.3,,3,sand,cobble,70,terrestrialVeg,,58decefb-e326-40bc-ac4b-6fc1f4cba113,6/22/2021 18:39,,6/22/2021 18:39,
378,c1edb695-0190-4236-baaf-92874dc44427,6/22/2021 16:00,14:34,GEB003,Audrey and Alex,glide,,95,,none,slow,0.27,2.7,,4,sand,gravel,90,None,,58decefb-e326-40bc-ac4b-6fc1f4cba113,6/22/2021 18:39,,6/22/2021 18:39,
379,45429f14-557c-43ab-b497-5fd7ff556d9f,6/22/2021 16:00,14:34,GEB003,Audrey and Alex,glide,,100,,none,slow,0.25,2.5,,3,sand,gravel,90,None,"During next habitat assessment, double check HUT/end position accuracy",58decefb-e326-40bc-ac4b-6fc1f4cba113,6/22/2021 18:39,,6/22/2021 18:39,
380,678b36c4-e83f-411a-8248-ef3b87f956fb,6/25/2021 16:00,15:47,df,df,cascade,,33,,fast,dry,33,33,,33,siltClay,siltClay,33,None,33,0063228c-f478-4555-872b-95e60283a5e3,6/25/2021 19:47,neponset,6/25/2021 19:47,neponset
381,2119e6ca-b24f-4493-a792-3d9f8773027a,7/16/2021 16:00,9:35,PTB005,"Sterling, Abby, Molly",run,,20,,none,swift,100,7.6,,3,siltClay,siltClay,80,"largeWoodyDebris,terrestrialVeg",Very deep.,79d655b1-e1d3-4dc4-82d6-01317e361001,7/16/2021 14:45,,7/16/2021 14:45,
382,31486b0f-82eb-4292-ac37-2d9cef865208,7/16/2021 16:00,9:47,PTB005,"Sterling, Abby, Molly",run,,35,,none,swift,110,7.7,,2,siltClay,siltClay,80,"largeWoodyDebris,terrestrialVeg",Very deep.,79d655b1-e1d3-4dc4-82d6-01317e361001,7/16/2021 14:45,,7/16/2021 14:45,
383,904b9af2-25b8-4955-a280-7e939f42060b,7/16/2021 16:00,9:59,PTB005,"Sterling, Abby, Molly",run,,53,,none,swift,95,7.5,,3,siltClay,sand,70,"largeWoodyDebris,terrestrialVeg",,79d655b1-e1d3-4dc4-82d6-01317e361001,7/16/2021 14:45,,7/16/2021 14:45,
384,da712883-486e-4652-8f92-17296363f4dc,7/16/2021 16:00,10:02,PTB005,"Sterling, Abby, Molly",run,,75,,none,swift,94,7,,0,siltClay,siltClay,90,terrestrialVeg,Lots of small woody debris.,79d655b1-e1d3-4dc4-82d6-01317e361001,7/16/2021 14:45,,7/16/2021 14:45,
385,e1e4a8ad-230d-4467-9c79-5e660f4c0031,7/16/2021 16:00,10:07,PTB005,"Sterling, Abby, Molly",run,,100,,none,swift,70,6.5,,0,siltClay,sand,70,terrestrialVeg,,79d655b1-e1d3-4dc4-82d6-01317e361001,7/16/2021 14:45,,7/16/2021 14:45,
386,ecd2a569-1396-4fcd-b3c1-b8e0238342d9,7/16/2021 16:00,10:49,PTB007,"Sterling, Abby, Molly",run,,10,,none,swift,50,5.9,,2,sand,gravel,30,"aquaticVeg,terrestrialVeg",,62e6013d-6a78-494e-a377-c5f869aeb716,7/16/2021 15:28,,7/16/2021 15:28,
387,8f17a42d-2872-407b-8e42-bfa7a5809b69,7/16/2021 16:00,11:05,PTB007,"Sterling, Abby, Molly",run,,60,,none,swift,58,6.7,,4,gravel,sand,60,"largeWoodyDebris,aquaticVeg,terrestrialVeg","Fallen tree, recent.",62e6013d-6a78-494e-a377-c5f869aeb716,7/16/2021 15:28,,7/16/2021 15:28,
388,43f294ce-0152-4284-8f2b-6f17e59cf5cf,7/16/2021 16:00,11:11,PTB007,"Sterling, Abby, Molly",run,,100,,none,swift,56,5.5,,3,sand,gravel,60,"largeWoodyDebris,aquaticVeg,terrestrialVeg",,62e6013d-6a78-494e-a377-c5f869aeb716,7/16/2021 15:28,,7/16/2021 15:28,
389,e5aba282-ec92-4b52-85ec-78528c41722b,7/17/2021 16:00,10:00,PUB005,"Mark, Molly, Abby",run,,4,,none,swift,34,3.8,,1,sand,gravel,60,"undercutBanks,largeWoodyDebris,terrestrialVeg",,c857d055-e6fa-4db1-b2ed-02440646525b,7/17/2021 15:01,,7/17/2021 15:01,
390,48ba6306-afd4-4c62-98a0-1799d0e2f955,7/17/2021 16:00,10:01,PUB005,"Mark, Molly, Abby",run,,12.5,,none,swift,25,4.1,,3,gravel,sand,90,"undercutBanks,largeWoodyDebris,terrestrialVeg","Because there is so much more water, it resembles a run.",c857d055-e6fa-4db1-b2ed-02440646525b,7/17/2021 15:01,,7/17/2021 15:01,
391,0cb37509-a5ce-47f9-ac6f-eb6466516bf3,7/17/2021 16:00,10:04,PUB005,"Mark, Molly, Abby",run,,21.3,,none,swift,50,3.2,,0,gravel,sand,80,"undercutBanks,terrestrialVeg",,c857d055-e6fa-4db1-b2ed-02440646525b,7/17/2021 15:01,,7/17/2021 15:01,
392,8856318f-52c0-4268-adce-f2fe90f1f4b2,7/17/2021 16:00,10:10,PUB005,"Mark, Molly, Abby",riffle,,38.7,,none,swift,40,3.8,,0,gravel,sand,80,undercutBanks,Minimal vegetation.,c857d055-e6fa-4db1-b2ed-02440646525b,7/17/2021 15:01,,7/17/2021 15:01,
393,93ce988b-499c-4e2e-b10a-240552e54b0b,7/17/2021 16:00,10:14,PUB005,"Mark, Molly, Abby",run,,61,,none,swift,50,4.9,,4,gravel,sand,50,"undercutBanks,largeWoodyDebris,terrestrialVeg",,c857d055-e6fa-4db1-b2ed-02440646525b,7/17/2021 15:01,,7/17/2021 15:01,
394,ab285452-203c-4f60-a3b7-efc66748c958,7/17/2021 16:00,10:17,PUB005,"Mark, Molly, Abby",riffle,,66,,none,slow,22,4.4,,1,gravel,sand,40,"undercutBanks,largeWoodyDebris,terrestrialVeg",,c857d055-e6fa-4db1-b2ed-02440646525b,7/17/2021 15:01,,7/17/2021 15:01,
395,127be4b8-0aec-4947-9dd7-0677e572a751,7/17/2021 16:00,10:19,PUB005,"Mark, Molly, Abby",pool,,72.2,,none,slow,60,5,large woody debris,0,gravel,sand,30,"largeWoodyDebris,terrestrialVeg",,c857d055-e6fa-4db1-b2ed-02440646525b,7/17/2021 15:01,,7/17/2021 15:01,
396,8d9f8907-57d6-47f3-a4cc-84a02f40e6fc,7/17/2021 16:00,10:22,PUB005,"Mark, Molly, Abby",run,,85,,none,swift,55,6.2,,10,gravel,sand,80,"undercutBanks,largeWoodyDebris,terrestrialVeg",,c857d055-e6fa-4db1-b2ed-02440646525b,7/17/2021 15:01,,7/17/2021 15:01,
397,1add1ae3-fa03-4397-b5b6-aea86a581377,7/17/2021 16:00,10:25,PUB005,"Mark, Molly, Abby",run,,91,,none,slow,68,4.9,,6,gravel,sand,70,"undercutBanks,largeWoodyDebris,terrestrialVeg","Near 91, the water goes underneath a big fallen tree and through the bank (like a tunnel).",c857d055-e6fa-4db1-b2ed-02440646525b,7/17/2021 15:01,,7/17/2021 15:01,
398,0dffff99-929d-4a2d-a53e-246150d5737d,7/17/2021 16:00,10:28,PUB005,"Mark, Molly, Abby",run,,100,,none,swift,68,8.3,,6,gravel,sand,70,"largeWoodyDebris,undercutBanks,terrestrialVeg",,c857d055-e6fa-4db1-b2ed-02440646525b,7/17/2021 15:01,,7/17/2021 15:01,
399,b0acc6f3-27b8-4587-8cdc-3a53c16d4110,7/17/2021 16:00,11:28,PUB004,"Mark, Molly, Abby",run,,6.8,,none,swift,42,2.8,,0,gravel,sand,10,"largeSubstrate,undercutBanks,terrestrialVeg",Large cement column in water.,f14dc27f-9e49-400c-a577-f660ba9db4fe,7/17/2021 15:56,,7/17/2021 15:56,
400,7b3c47ec-ac11-44db-b07b-3139fff34705,7/17/2021 16:00,11:31,PUB004,"Mark, Molly, Abby",run,,35.8,,none,swift,58,3.4,,3,gravel,sand,60,"largeSubstrate,undercutBanks,largeWoodyDebris,aquaticVeg,terrestrialVeg",Some cobble.,f14dc27f-9e49-400c-a577-f660ba9db4fe,7/17/2021 15:56,,7/17/2021 15:56,
401,f0f2995d-e202-46fa-b6ab-151919de72bc,7/17/2021 16:00,11:37,PUB004,"Mark, Molly, Abby",riffle,,39.8,,none,swift,30,2.9,,0,cobble,sand,70,largeSubstrate,,f14dc27f-9e49-400c-a577-f660ba9db4fe,7/17/2021 15:56,,7/17/2021 15:56,
402,b8dbad99-f38f-45c2-99b3-c21a24cd7d71,7/17/2021 16:00,11:39,PUB004,"Mark, Molly, Abby",run,,66.7,,none,swift,44,4.8,,3,cobble,sand,40,"largeSubstrate,largeWoodyDebris,aquaticVeg,terrestrialVeg",,f14dc27f-9e49-400c-a577-f660ba9db4fe,7/17/2021 15:56,,7/17/2021 15:56,
403,de534764-22fe-437a-b4d3-d2809cd5d24f,7/17/2021 16:00,11:42,PUB004,"Mark, Molly, Abby",run,,73.5,,none,swift,40,4.7,,0,sand,cobble,30,"undercutBanks,largeWoodyDebris,aquaticVeg,terrestrialVeg",Some riffle toward the end. Great overhanging branches for habitat and protection from predators.,f14dc27f-9e49-400c-a577-f660ba9db4fe,7/17/2021 15:56,,7/17/2021 15:56,
404,9a4a533a-dd62-4226-8da3-45ef1331ee57,7/17/2021 16:00,11:45,PUB004,"Mark, Molly, Abby",run,,100,,none,swift,42,6,,0,sand,gravel,40,"largeSubstrate,undercutBanks,terrestrialVeg",Lots of overhanging branches. ,f14dc27f-9e49-400c-a577-f660ba9db4fe,7/17/2021 15:56,,7/17/2021 15:56,
405,db4a7830-cf7c-44f7-baef-ef50fd184c82,7/17/2021 16:00,10:28,POB003,"Nalven, Devine",run,,22.4,,slow,swift,0.51,6.25,,,,,50,"undercutBanks,largeWoodyDebris,terrestrialVeg",Secondary channel is more like a draining wetland,66fea743-da6b-421b-ba3f-5620e30a2328,7/17/2021 16:34,,7/17/2021 16:34,
406,c529a306-f1cc-47f4-978d-7d1ea1c56858,7/17/2021 16:00,10:44,POB003,"Nalven, Devine",riffle,,40,,fast,swift,0.31,4.5,,,,,80,"largeWoodyDebris,terrestrialVeg",More like a run today than a riffle; third slow channel running thru island,66fea743-da6b-421b-ba3f-5620e30a2328,7/17/2021 16:34,,7/17/2021 16:34,
407,a7bb12f5-1f39-476f-9b8c-758258789397,7/17/2021 16:00,10:58,POB003,"Nalven, Devine",pool,,42.5,,slow,swift,0.42,4.4,,,,,90,"undercutBanks,largeWoodyDebris",Pool is more like a run today but there is a small pool in the secondary channel,66fea743-da6b-421b-ba3f-5620e30a2328,7/17/2021 16:34,,7/17/2021 16:34,
408,13fd0e03-5bd8-449b-ac12-c616ab89be03,7/17/2021 16:00,11:07,POB003,"Nalven, Devine",riffle,,64,,none,swift,0.48,4,,,,,80,"undercutBanks,terrestrialVeg,largeWoodyDebris","A little woody debris and terrestrial veg, not much ",66fea743-da6b-421b-ba3f-5620e30a2328,7/17/2021 16:34,,7/17/2021 16:34,
409,ed8ad3c0-dbc0-433d-90b8-df82118041a6,7/17/2021 16:00,11:21,POB003,"Nalven, Devine",pool,,72.6,,slow,swift,0.43,5.2,,,,,70,"undercutBanks,terrestrialVeg",Secondary channel is more like tributary- see two photos; one very undercut bank,66fea743-da6b-421b-ba3f-5620e30a2328,7/17/2021 16:34,,7/17/2021 16:34,
410,6a5aa9d2-a131-44b4-860a-981d835cb6eb,7/17/2021 16:00,11:32,POB003,"Nalven, Devine",riffle,,89.3,,slow,swift,0.48,3.3,,,,,60,"undercutBanks,terrestrialVeg,largeWoodyDebris",,66fea743-da6b-421b-ba3f-5620e30a2328,7/17/2021 16:34,,7/17/2021 16:34,
411,7ebd149c-5a80-47ae-bd4b-e8f80ffa48a4,7/17/2021 16:00,11:46,POB003,"Nalven, Devine",riffle,,100,,fast,swift,0.35,7.5,,,,,90,terrestrialVeg,"Two secondary channels- one flowing very fast,  the other is the same secondary channel as the last segment and it is slow",66fea743-da6b-421b-ba3f-5620e30a2328,7/17/2021 16:34,,7/17/2021 16:34,
412,518c9ee7-03da-4ee5-99ca-1f8310f38174,7/17/2021 16:00,9:56,THB001,"K. Roosa, A. Tucker",run,,39.5,,none,swift,0.25,1,,5,sand,sand,50,"largeWoodyDebris,undercutBanks,terrestrialVeg","At 33 - 35m, there is a ripple caused by large woody debris.5",774bbb76-19c2-468d-a249-5c4fc1bffe3a,7/17/2021 16:55,,7/17/2021 16:55,
413,57d9e334-6c33-4459-a1fb-0441ba016d14,7/17/2021 16:00,10:08,THB001,"K. Roosa, A. Tucker",run,,52,,none,swift,0.39,2.8,,8,gravel,sand,20,"undercutBanks,largeWoodyDebris,terrestrialVeg,aquaticVeg",,774bbb76-19c2-468d-a249-5c4fc1bffe3a,7/17/2021 16:55,,7/17/2021 16:55,
414,5afe5064-3fbd-4f0b-887a-a06512f1f4ec,7/17/2021 16:00,10:15,THB001,"K. Roosa, A. Tucker",riffle,,57,,none,swift,0.22,2.7,,3,sand,gravel,20,"aquaticVeg,terrestrialVeg,largeWoodyDebris,undercutBanks",High flow and fast moving out of culvert. Less riffle action due to higher water level ,774bbb76-19c2-468d-a249-5c4fc1bffe3a,7/17/2021 16:55,,7/17/2021 16:55,
415,b8f8734a-fbea-481e-a7cc-3364ab1569cf,7/17/2021 16:00,10:18,THB001,"K. Roosa, A. Tucker",pool,,65.7,,none,swift,0.63,3,culvert,2,sand,siltClay,40,"undercutBanks,terrestrialVeg,largeWoodyDebris",,774bbb76-19c2-468d-a249-5c4fc1bffe3a,7/17/2021 16:55,,7/17/2021 16:55,
416,9de4bf6f-90bd-4a1c-8e55-df437eaf510b,7/17/2021 16:00,10:21,THB001,"K. Roosa, A. Tucker",riffle,,74,,none,swift,0.17,2.9,,1,gravel,sand,50,"undercutBanks,terrestrialVeg",Decaying leaves /tree debris deposits,774bbb76-19c2-468d-a249-5c4fc1bffe3a,7/17/2021 16:55,,7/17/2021 16:55,
417,c6a6c737-69c7-4b73-80c9-bdef14edd8a6,7/17/2021 16:00,11:20,THB001,"K. Roosa, A. Tucker",run,,89.1,,none,swift,0.36,2.1,,5,gravel,sand,40,"undercutBanks,largeWoodyDebris,terrestrialVeg",New riffle around 80 m caused by large tree debris,774bbb76-19c2-468d-a249-5c4fc1bffe3a,7/17/2021 16:55,,7/17/2021 16:55,
418,c5542cef-1421-410a-9973-7749520dea78,7/17/2021 16:00,11:26,THB001,"K. Roosa, A. Tucker",pool,,100,,none,swift,0.63,2.2,meander,2,sand,siltClay,20,"largeWoodyDebris,undercutBanks,terrestrialVeg,other",Some foam,774bbb76-19c2-468d-a249-5c4fc1bffe3a,7/17/2021 16:55,,7/17/2021 16:55,
419,a1ae4858-2f45-4ab0-aabb-6f73ace4808e,7/17/2021 16:00,11:54,THBT01,"K. Roosa, A.Tucker",run,,24.5,,none,swift,0.16,0.9,,3,sand,gravel,30,"terrestrialVeg,largeWoodyDebris,undercutBanks",,a5236f1b-38ac-46d6-a0b1-70005df6e537,7/17/2021 16:55,,7/17/2021 16:55,
420,20bb06f7-0cff-4fd8-8b76-2bb153b0b31a,7/17/2021 16:00,12:06,THBT01,"K. Roosa, A.Tucker",pool,,26,,none,swift,0.43,1.1,large woody debris,2,sand,gravel,50,"undercutBanks,largeWoodyDebris,terrestrialVeg",,a5236f1b-38ac-46d6-a0b1-70005df6e537,7/17/2021 16:55,,7/17/2021 16:55,
421,8bc6d587-596f-42cc-b16b-bd565386e440,7/17/2021 16:00,12:08,THBT01,"K. Roosa, A.Tucker",riffle,,35.5,,none,swift,0.32,1.3,,2,sand,gravel,25,"largeWoodyDebris,terrestrialVeg,undercutBanks",Some foam,a5236f1b-38ac-46d6-a0b1-70005df6e537,7/17/2021 16:55,,7/17/2021 16:55,
422,d7086e75-9ee7-4030-a990-e21a0e10747b,7/17/2021 16:00,12:12,THBT01,"K. Roosa, A.Tucker",run,,47,,none,swift,0.29,1.55,,5,sand,gravel,40,"undercutBanks,largeWoodyDebris,terrestrialVeg",Slow flow at 38m; small riffle caused by large woody debris at 40m; some foam,a5236f1b-38ac-46d6-a0b1-70005df6e537,7/17/2021 16:55,,7/17/2021 16:55,
423,050f98d6-f439-4572-8dee-1c6b99f1890e,7/17/2021 16:00,12:19,THBT01,"K. Roosa, A.Tucker",pool,,47.5,,none,swift,0.28,2,large woody debris,3,sand,siltClay,40,"largeWoodyDebris,terrestrialVeg,undercutBanks","Moving faster than a pool, might reclassify as part of run",a5236f1b-38ac-46d6-a0b1-70005df6e537,7/17/2021 16:55,,7/17/2021 16:55,
424,a23fe0c5-da1d-4a86-af41-9c0dd108e9ec,7/17/2021 16:00,12:22,THBT01,"K. Roosa, A.Tucker",run,,96.5,,none,swift,0.39,1.2,,8,sand,gravel,40,"largeWoodyDebris,undercutBanks,terrestrialVeg,whitewater",Some foam,a5236f1b-38ac-46d6-a0b1-70005df6e537,7/17/2021 16:55,,7/17/2021 16:55,
425,53f11115-627a-47a4-bdab-bbc3f51f77ae,7/17/2021 16:00,12:29,THBT01,"K. Roosa, A.Tucker",cascade,,100,,none,swift,0.24,0.7,,1,cobble,boulder,80,"largeSubstrate,largeWoodyDebris,terrestrialVeg,whitewater",,a5236f1b-38ac-46d6-a0b1-70005df6e537,7/17/2021 16:55,,7/17/2021 16:55,
426,6f27e69b-b3f2-4865-9d83-81a21f891461,7/19/2021 16:00,10:38,MLB005,Mike and Ronda Yeomans,run,,57,,fast,swift,0.59,3.25,,,,,90,"largeWoodyDebris,terrestrialVeg",,b8939e24-049b-4d0c-9c85-96f2dab11993,7/19/2021 16:01,,7/19/2021 16:01,
427,51335a95-d752-4bd3-8a7c-dd543f9bf705,7/19/2021 16:00,10:42,MLB005,Mike and Ronda Yeomans,run,,52,,none,swift,0.75,4.25,,,,,80,"largeWoodyDebris,terrestrialVeg",,b8939e24-049b-4d0c-9c85-96f2dab11993,7/19/2021 16:01,,7/19/2021 16:01,
428,069fc242-c5cb-47ce-bad4-dbd42ed7d069,7/19/2021 16:00,10:47,MLB005,Mike and Ronda Yeomans,riffle,,86,,none,swift,0.45,3.5,,,,,70,"largeSubstrate,largeWoodyDebris,terrestrialVeg",,b8939e24-049b-4d0c-9c85-96f2dab11993,7/19/2021 16:01,,7/19/2021 16:01,
429,2a87ea7a-367a-4550-b8db-90a95013f3d3,7/19/2021 16:00,10:54,MLB005,Mike and Ronda Yeomans,run,,95,,none,swift,0.45,4,,,,,80,"largeWoodyDebris,terrestrialVeg",,b8939e24-049b-4d0c-9c85-96f2dab11993,7/19/2021 16:01,,7/19/2021 16:01,
430,90a90aad-1746-4860-b6cb-c4ecaaba745e,7/19/2021 16:00,10:56,MLB005,Mike and Ronda Yeomans,riffle,,100,,none,swift,-0.3,3.75,,,,,90,"largeSubstrate,largeWoodyDebris,terrestrialVeg",,b8939e24-049b-4d0c-9c85-96f2dab11993,7/19/2021 16:01,,7/19/2021 16:01,
431,4e19c023-908f-45de-a814-da0911942ab0,7/19/2021 16:00,11:27,MLB001,Mike and Ronda Yeomans,riffle,,17,,fast,swift,0.22,2,,,,,90,"largeSubstrate,largeWoodyDebris,terrestrialVeg",,0705f047-a9ea-4cd7-b221-3a9d2e593a66,7/19/2021 16:01,,7/19/2021 16:01,
432,a1b56838-5754-4bfc-bd41-71d74ebe22bf,7/19/2021 16:00,11:30,MLB001,Mike and Ronda Yeomans,run,,25,,none,swift,0.35,2,,,,,80,"largeWoodyDebris,terrestrialVeg",,0705f047-a9ea-4cd7-b221-3a9d2e593a66,7/19/2021 16:01,,7/19/2021 16:01,
433,0b913300-0a24-4a12-acbc-632b4a1f5d9f,7/19/2021 16:00,11:33,MLB001,Mike and Ronda Yeomans,pool,,32,,none,slow,0.45,4.25,meander,,,,60,"largeWoodyDebris,terrestrialVeg",,0705f047-a9ea-4cd7-b221-3a9d2e593a66,7/19/2021 16:01,,7/19/2021 16:01,
434,22a05329-bbc7-41da-a39d-32afa76fb728,7/19/2021 16:00,11:37,MLB001,Mike and Ronda Yeomans,run,,51,,none,swift,0.4,2,,,,,40,"undercutBanks,largeSubstrate,aquaticVeg,terrestrialVeg",,0705f047-a9ea-4cd7-b221-3a9d2e593a66,7/19/2021 16:01,,7/19/2021 16:01,
435,ab73a7e6-a126-4e49-8d04-9bad2301fac8,7/19/2021 16:00,11:39,MLB001,Mike and Ronda Yeomans,glide,,100,,none,slow,0.36,3,,,,,70,"largeWoodyDebris,terrestrialVeg,undercutBanks",,0705f047-a9ea-4cd7-b221-3a9d2e593a66,7/19/2021 16:01,,7/19/2021 16:01,
436,f335c639-d078-464d-b6b3-6e4832cce48a,7/19/2021 16:00,9:44,THB006,Audrey and Charlie,run,,4.5,,none,swift,0.39,6,,0,,,80,terrestrialVeg,,ce0c0bdf-dd4e-4b5d-af8b-4c0599f1ea4e,7/19/2021 16:53,,7/19/2021 16:53,
437,7e74f307-dce1-48a1-92b7-1b540edb6b73,7/19/2021 16:00,9:50,THB006,Audrey and Charlie,pool,,14,,none,standing,1.1,6.5,boulder,0,,,60,"terrestrialVeg,whitewater",,ce0c0bdf-dd4e-4b5d-af8b-4c0599f1ea4e,7/19/2021 16:53,,7/19/2021 16:53,
438,6397e107-b231-4edc-aa8c-67e697f6c25d,7/19/2021 16:00,9:57,THB006,Audrey and Charlie,cascade,,18.5,,none,swift,0.44,3.2,,0,,,80,"whitewater,terrestrialVeg",,ce0c0bdf-dd4e-4b5d-af8b-4c0599f1ea4e,7/19/2021 16:53,,7/19/2021 16:53,
439,d73fc8f9-58dc-4045-80b9-bde16ebc4c7f,7/19/2021 16:00,10:07,THB006,Audrey and Charlie,run,,25,,none,swift,0.49,5.3,,0,,,70,terrestrialVeg,,ce0c0bdf-dd4e-4b5d-af8b-4c0599f1ea4e,7/19/2021 16:53,,7/19/2021 16:53,
440,2352fe87-e082-4738-b61d-f806d343da45,7/19/2021 16:00,10:12,THB006,Audrey and Charlie,riffle,,52.5,,fast,swift,0.35,9.5,,2,,,80,"largeWoodyDebris,terrestrialVeg,undercutBanks",,ce0c0bdf-dd4e-4b5d-af8b-4c0599f1ea4e,7/19/2021 16:53,,7/19/2021 16:53,
441,5ec2c82d-caba-4fb2-83a2-9dc839025cd4,7/19/2021 16:00,10:18,THB006,Audrey and Charlie,run,,56.5,,none,swift,0.52,7.5,,0,,,70,"terrestrialVeg,undercutBanks,whitewater",,ce0c0bdf-dd4e-4b5d-af8b-4c0599f1ea4e,7/19/2021 16:53,,7/19/2021 16:53,
442,1edf37de-f130-4320-9652-541cf7bb40f2,7/19/2021 16:00,10:22,THB006,Audrey and Charlie,riffle,,73,,none,swift,0.43,5.8,,0,,,80,"terrestrialVeg,undercutBanks",,ce0c0bdf-dd4e-4b5d-af8b-4c0599f1ea4e,7/19/2021 16:53,,7/19/2021 16:53,
443,dc060342-5ba4-4027-89f5-52d13d23156f,7/19/2021 16:00,10:28,THB006,Audrey and Charlie,cascade,,76.5,,none,swift,0.68,4.7,,0,,,80,terrestrialVeg,Pool overrun with water,ce0c0bdf-dd4e-4b5d-af8b-4c0599f1ea4e,7/19/2021 16:53,,7/19/2021 16:53,
444,7cadee27-0dfa-4351-9447-da9d30603b6e,7/19/2021 16:00,10:33,THB006,Audrey and Charlie,riffle,,100,,fast,swift,0.5,5.5,,0,,,90,terrestrialVeg,,ce0c0bdf-dd4e-4b5d-af8b-4c0599f1ea4e,7/19/2021 16:53,,7/19/2021 16:53,
445,6a50f469-dc57-454f-9146-f7ac723f0f3c,7/19/2021 16:00,11:14,THB005,Audrey and Charlie,glide,,23.5,,none,slow,0.33,4.5,,0,,,60,terrestrialVeg,,48af39a0-d9b0-40d0-949a-f846bad1e64d,7/19/2021 16:53,,7/19/2021 16:53,
446,e0d562db-050d-4a3c-8e0d-86ddf327642b,7/19/2021 16:00,11:24,THB005,Audrey and Charlie,pool,,27,,none,swift,0.62,4.5,other,0,,,30,undercutBanks,,48af39a0-d9b0-40d0-949a-f846bad1e64d,7/19/2021 16:53,,7/19/2021 16:53,
447,965c984b-86f0-4251-bb62-51b79c90dbdc,7/19/2021 16:00,11:27,THB005,Audrey and Charlie,run,,86,,none,swift,0.53,3.5,,1,,,90,"aquaticVeg,terrestrialVeg,largeWoodyDebris,undercutBanks",,48af39a0-d9b0-40d0-949a-f846bad1e64d,7/19/2021 16:53,,7/19/2021 16:53,
448,efc98d16-7aa8-4559-9d6b-df6a4bde94cb,7/19/2021 16:00,11:41,THB005,Audrey and Charlie,pool,,90,,none,swift,0.8,3,large woody debris,1,,,30,"terrestrialVeg,largeWoodyDebris",,48af39a0-d9b0-40d0-949a-f846bad1e64d,7/19/2021 16:53,,7/19/2021 16:53,
449,078d723c-6c7c-4cfd-8ec2-d310c4bfcc13,7/19/2021 16:00,11:44,THB005,Audrey and Charlie,run,,95,,none,swift,0.56,4.5,,1,,,20,"largeWoodyDebris,terrestrialVeg",,48af39a0-d9b0-40d0-949a-f846bad1e64d,7/19/2021 16:53,,7/19/2021 16:53,
450,fd254ee8-6a1e-4741-854b-36e8c52c455e,7/19/2021 16:00,11:49,THB005,Audrey and Charlie,pool,,100,,none,swift,0.73,4.5,large woody debris,1,,,60,"other,terrestrialVeg,largeWoodyDebris",,48af39a0-d9b0-40d0-949a-f846bad1e64d,7/19/2021 16:53,,7/19/2021 16:53,
